-- phpMyAdmin SQL Dump
-- version 4.5.1
-- http://www.phpmyadmin.net
--
-- Client :  127.0.0.1
-- Généré le :  Mar 09 Mai 2017 à 04:30
-- Version du serveur :  10.1.19-MariaDB
-- Version de PHP :  5.6.28

SET SQL_MODE = "NO_AUTO_VALUE_ON_ZERO";
SET time_zone = "+00:00";


/*!40101 SET @OLD_CHARACTER_SET_CLIENT=@@CHARACTER_SET_CLIENT */;
/*!40101 SET @OLD_CHARACTER_SET_RESULTS=@@CHARACTER_SET_RESULTS */;
/*!40101 SET @OLD_COLLATION_CONNECTION=@@COLLATION_CONNECTION */;
/*!40101 SET NAMES utf8mb4 */;

--
-- Base de données :  `tracnghiem`
--

-- --------------------------------------------------------

--
-- Structure de la table `tbcaidat`
--

CREATE TABLE `tbcaidat` (
  `caidat_id` int(10) UNSIGNED NOT NULL,
  `caidat_ma` varchar(50) COLLATE utf8_unicode_ci DEFAULT NULL,
  `caidat_kieu` varchar(50) COLLATE utf8_unicode_ci DEFAULT NULL,
  `caidat_parent` int(11) DEFAULT NULL,
  `caidat_tieude` varchar(200) COLLATE utf8_unicode_ci DEFAULT NULL,
  `caidat_noidung` text COLLATE utf8_unicode_ci,
  `caidat_trangthai` tinyint(1) DEFAULT NULL,
  `caidat_thutu` int(11) DEFAULT NULL
) ENGINE=InnoDB DEFAULT CHARSET=utf8 COLLATE=utf8_unicode_ci;

--
-- Contenu de la table `tbcaidat`
--

INSERT INTO `tbcaidat` (`caidat_id`, `caidat_ma`, `caidat_kieu`, `caidat_parent`, `caidat_tieude`, `caidat_noidung`, `caidat_trangthai`, `caidat_thutu`) VALUES
(1, NULL, NULL, 0, 'Cài đặt chung', NULL, 1, 1),
(2, 'phantrang', 'textbox', 1, 'Số lượng bản ghi hiển thị trên 1 trang', '50', 1, 1),
(3, 'kythi', 'textbox', 1, 'Tên kỳ thi', 'CHỨNG CHỈ TIN HỌC', 1, 2);

-- --------------------------------------------------------

--
-- Structure de la table `tbcauhoi`
--

CREATE TABLE `tbcauhoi` (
  `cauhoi_id` int(10) UNSIGNED NOT NULL,
  `chude_id` int(10) UNSIGNED DEFAULT NULL,
  `mucdo_id` int(10) UNSIGNED DEFAULT NULL,
  `khoi_id` int(10) UNSIGNED DEFAULT NULL,
  `monhoc_id` int(10) UNSIGNED DEFAULT NULL,
  `taikhoan_id` int(10) UNSIGNED DEFAULT NULL,
  `loaicauhoi_id` int(10) UNSIGNED DEFAULT NULL,
  `cauhoi_tieude` text COLLATE utf8_unicode_ci,
  `cauhoi_soluong` tinyint(1) DEFAULT NULL,
  `cauhoi_daotraloi` tinyint(1) DEFAULT NULL,
  `cauhoi_thutu` int(11) DEFAULT NULL,
  `cauhoi_trangthai` tinyint(1) DEFAULT NULL,
  `cauhoi_date` datetime DEFAULT NULL
) ENGINE=InnoDB DEFAULT CHARSET=utf8 COLLATE=utf8_unicode_ci;

--
-- Contenu de la table `tbcauhoi`
--

INSERT INTO `tbcauhoi` (`cauhoi_id`, `chude_id`, `mucdo_id`, `khoi_id`, `monhoc_id`, `taikhoan_id`, `loaicauhoi_id`, `cauhoi_tieude`, `cauhoi_soluong`, `cauhoi_daotraloi`, `cauhoi_thutu`, `cauhoi_trangthai`, `cauhoi_date`) VALUES
(273, 36, 18, NULL, NULL, 1, 1, 'Trong máy tính, PC là chữ viết tắt của', 4, 2, NULL, 1, NULL),
(274, 36, 18, NULL, NULL, 1, 1, 'Thiết bị xuất để đưa ra kết quả đã xử lý cho người sử dụng. Các thiết bị xuất thông dụng hiện nay là', 4, 2, NULL, 1, NULL),
(275, 36, 18, NULL, NULL, 1, 1, 'Mạng LAN là mạng kết nối các máy tính', 4, 2, NULL, 1, NULL),
(276, 36, 18, NULL, NULL, 1, 1, 'Để tránh việc truy cập thông tin trái phép người ta thường làm gì', 4, 2, NULL, 1, NULL),
(277, 36, 18, NULL, NULL, 1, 1, 'Phần cứng máy tính là gì', 4, 2, NULL, 1, NULL),
(278, 36, 18, NULL, NULL, 1, 1, 'Điều nào không đúng khi nói về điều kiện làm việc của nghề Tin học văn phòng', 4, 2, NULL, 1, NULL),
(279, 36, 18, NULL, NULL, 1, 1, 'Mạng WAN là mạng kết nối các máy tính', 4, 2, NULL, 1, NULL),
(280, 36, 18, NULL, NULL, 1, 1, 'Các mật khẩu nào sau đây là khó phá nhất đối với 1 hacker', 4, 2, NULL, 1, NULL),
(281, 36, 18, NULL, NULL, 1, 1, 'Thiết bị nào sau đây thuộc nhóm thiết bị di động cầm tay', 4, 2, NULL, 1, NULL),
(282, 36, 18, NULL, NULL, 1, 1, 'Có thể kết nối máy in qua cổng nào sau đây', 4, 2, NULL, 1, NULL),
(283, 36, 18, NULL, NULL, 1, 1, 'Các máy tính ở trong mạng máy tính', 4, 2, NULL, 1, NULL),
(284, 36, 18, NULL, NULL, 1, 1, 'Đâu là một ví dụ của chính sách mật khẩu tốt', 4, 2, NULL, 1, NULL),
(285, 36, 18, NULL, NULL, 1, 1, 'Thiết bị nhập để cung cấp dữ liệu cho máy tính xử lý, thiết bị nhập\nthông dụng nhất hiện nay là', 4, 2, NULL, 1, NULL),
(286, 36, 18, NULL, NULL, 1, 1, 'Người và máy tính giao tiếp với nhau thông qua', 4, 2, NULL, 1, NULL),
(287, 36, 18, NULL, NULL, 1, 1, 'Những yếu tố nào sau đây được sử dụng cho mạng cục bộ (LAN)', 4, 2, NULL, 1, NULL),
(288, 36, 18, NULL, NULL, 1, 1, 'Thiết bị nào sử dụng bộ lóc gói và các quy tắc truy cập để kiểm soát truy cập đến các mạng riêng từ các mạng công cộng, như là Internet', 4, 2, NULL, 1, NULL),
(289, 36, 18, NULL, NULL, 1, 1, 'Máy in và máy quét, thiết bị nào là thiết bị nhập thông tin vào máy tính', 4, 2, NULL, 1, NULL),
(290, 36, 18, NULL, NULL, 1, 1, 'Phần mềm của máy tính là….', 4, 2, NULL, 1, NULL),
(291, 36, 18, NULL, NULL, 1, 1, 'Căn cứ vào quy mô sử dụng người ta chia thành các loại mạng nào', 4, 2, NULL, 1, NULL),
(292, 36, 18, NULL, NULL, 1, 1, 'Virus máy tính là gì', 4, 2, NULL, 1, NULL),
(293, 37, 18, NULL, NULL, 1, 1, 'Lệnh Shutdown dùng để làm gì', 4, 2, NULL, 1, NULL),
(294, 37, 18, NULL, NULL, 1, 1, 'Để thiết lập chế độ nghỉ màn hình (Screen Saver) trong Windows, ta sử dụng công cụ nào sau đây trong Control Panel', 4, 2, NULL, 1, NULL),
(295, 37, 18, NULL, NULL, 1, 1, 'Theo nguyên tắc quản lý file, thư mục của hệ điều hành Windows, phát biểu nào sau đây không đúng', 4, 2, NULL, 1, NULL),
(296, 37, 18, NULL, NULL, 1, 1, 'Phát biểu nào sau đây là sai', 4, 2, NULL, 1, NULL),
(297, 37, 18, NULL, NULL, 1, 1, 'Trong windows, ở cửa sổ Explore, để chọn một lúc các file hoặc folder nằm liền kề nhau trong một danh sách', 4, 2, NULL, 1, NULL),
(298, 37, 18, NULL, NULL, 1, 1, 'Để gỡ bỏ một máy in đã cài đặt, ta thực hiện theo cách nào sau đây', 4, 2, NULL, 1, NULL),
(299, 37, 18, NULL, NULL, 1, 1, 'Bạn sử dụng chương trình nào của Windows để quản lí các tệp và thư mục', 4, 2, NULL, 1, NULL),
(300, 37, 18, NULL, NULL, 1, 1, 'Trong hệ điều hành Windows, để phục hồi tất cả các đối tượng trọng Recycle Bin (thùng rác) ta nháy phải chuột tại Recycle Bin và chọn', 4, 2, NULL, 1, NULL),
(301, 37, 18, NULL, NULL, 1, 1, 'Trong Windows, để thiết lập đặt lại hệ thống, ta chọn chức năng:', 4, 2, NULL, 1, NULL),
(302, 37, 18, NULL, NULL, 1, 1, 'Muốn gỡ bỏ một chương trình đã cài đặt trong máy tính, sử dụng cách nào sau đây', 4, 2, NULL, 1, NULL),
(303, 37, 18, NULL, NULL, 1, 1, 'Để sắp xếp một cách khoa học, tiện lợi cho việc quản trị và sử dụng, các tệp tin (file) trong máy tính thường được tổ chức thành', 4, 2, NULL, 1, NULL),
(304, 37, 18, NULL, NULL, 1, 1, 'Muốn xóa vĩnh viễn, không cần phục hồi các tệp hoặc thư mục được chọn, cần thực hiện thao tác nào sau đây', 4, 2, NULL, 1, NULL),
(305, 37, 18, NULL, NULL, 1, 1, 'Trong Windows, để ngắt ổ đĩa USB một cách an toàn, có thể dung cách nào sau đây', 4, 2, NULL, 1, NULL),
(306, 37, 18, NULL, NULL, 1, 1, 'Các loại hệ điều hành Windows đều có khả năng tự động nhận biết thiết bị phần cứng và tự động cài đặt cấu hình của các thiết bị, đây là chức năng', 4, 2, NULL, 1, NULL),
(307, 37, 18, NULL, NULL, 1, 1, 'Trong mạng máy tính, thuật ngữ Share có ý nghĩa gì', 4, 2, NULL, 1, NULL),
(308, 37, 18, NULL, NULL, 1, 1, 'Các tệp sau khi được chọn và xóa bằng tổ hợp phím Shift + Delete', 4, 2, NULL, 1, NULL),
(309, 37, 18, NULL, NULL, 1, 1, 'Khi khởi động máy tính, phần mềm nào sau đấy sẽ được thực hiện trước', 4, 2, NULL, 1, NULL),
(310, 37, 18, NULL, NULL, 1, 1, 'Kiểu nhập dữ liệu ngày tháng được hệ điều hành qui định trong', 4, 2, NULL, 1, NULL),
(311, 37, 18, NULL, NULL, 1, 1, 'Trong hệ điều hành Windows, phần mở rộng trong tên file đảm', 4, 2, NULL, 1, NULL),
(312, 37, 18, NULL, NULL, 1, 1, 'Chọn thư mục, ấn tổ hợp phím Shift + Delete, điều gì sẽ xảy ra', 4, 2, NULL, 1, NULL),
(313, 38, 18, NULL, NULL, 1, 1, 'Trong Micrsoft Word 2010 khi lưu văn bản mới thì đuôi mở rộng của văn bản đó ở dạng nào?', 4, 2, NULL, 1, NULL),
(314, 38, 18, NULL, NULL, 1, 1, 'Chế độ nào cho phép hiển thị màn hình với kích thước hiển thị lớn nhất', 4, 2, NULL, 1, NULL),
(315, 38, 18, NULL, NULL, 1, 1, 'Nút Find Next có chức năng:', 4, 2, NULL, 1, NULL),
(316, 38, 18, NULL, NULL, 1, 1, 'Tại sao phải đánh dấu, đánh số đề mục?', 4, 2, NULL, 1, NULL),
(317, 38, 18, NULL, NULL, 1, 1, 'Trong soạn thảo Microsoft Office Word, công dụng của tổ hợp phím Ctrl - O là', 4, 2, NULL, 1, NULL),
(318, 38, 18, NULL, NULL, 1, 1, 'Chế độ nào cho phép hiển thị màn hình với kích thước hiển thị nhỏ nhất', 4, 2, NULL, 1, NULL),
(319, 38, 18, NULL, NULL, 1, 1, 'Nút Replace có chức năng', 4, 2, NULL, 1, NULL),
(320, 38, 18, NULL, NULL, 1, 1, 'Để tạo đường viền cho một đoạn văn bản, ta thực hiện', 4, 2, NULL, 1, NULL),
(321, 38, 18, NULL, NULL, 1, 1, 'Khi đang soạn thảo văn bản Word, muốn phục hồi thao tác vừa thực hiện thì bấm tổ hợp phím', 4, 2, NULL, 1, NULL),
(322, 38, 18, NULL, NULL, 1, 1, 'Chế độ hiển thị nào không có sẵn trong giao diện đầu tiên của màn hình Word?', 4, 2, NULL, 1, NULL),
(323, 38, 18, NULL, NULL, 1, 1, 'Nút Replace All có chức năng', 4, 2, NULL, 1, NULL),
(324, 38, 18, NULL, NULL, 1, 1, 'Để tạo bóng/nền cho một đoạn văn bản, ta thực hiện', 4, 2, NULL, 1, NULL),
(325, 38, 18, NULL, NULL, 1, 1, 'Phần đuôi định dạng mặc định trong Word 2010 là', 4, 2, NULL, 1, NULL),
(326, 38, 18, NULL, NULL, 1, 1, 'Mục Save AutoRecover information every để xác lập', 4, 2, NULL, 1, NULL),
(327, 38, 18, NULL, NULL, 1, 1, 'Tổ hợp phím Ctrl + Z dùng để', 4, 2, NULL, 1, NULL),
(328, 38, 18, NULL, NULL, 1, 1, 'Để thiết lập đường viền, mục Setting có chức năng', 4, 2, NULL, 1, NULL),
(329, 38, 18, NULL, NULL, 1, 1, 'Trong soạn thảo văn bản Word, để đóng một File đang mở, ta thực hiện', 4, 2, NULL, 1, NULL),
(330, 38, 18, NULL, NULL, 1, 1, 'Để cài đặt mặc định đuôi định dạng văn bản, ta vào mục', 4, 2, NULL, 1, NULL),
(331, 38, 18, NULL, NULL, 1, 1, 'Lệnh Undo là lệnh', 4, 2, NULL, 1, NULL),
(332, 38, 18, NULL, NULL, 1, 1, 'Trong soạn thảo Word, muốn trình bày văn bản dạng cột (dạng thường thấy trên trang báo và tạp trí), ta thực hiện', 4, 2, NULL, 1, NULL),
(333, 38, 18, NULL, NULL, 1, 1, 'Muốn mở tài liệu, ta có thể dùng', 4, 2, NULL, 1, NULL),
(334, 38, 18, NULL, NULL, 1, 1, 'Muốn cài đặt mặc định định dạng ta chọn', 4, 2, NULL, 1, NULL),
(335, 38, 18, NULL, NULL, 1, 1, 'Lệnh Redo là lệnh', 4, 2, NULL, 1, NULL),
(336, 38, 18, NULL, NULL, 1, 1, 'Hướng Portrait hiển thị văn bản theo', 4, 2, NULL, 1, NULL),
(337, 38, 18, NULL, NULL, 1, 1, 'Lệnh nào cho phép lưu tài liệu', 4, 2, NULL, 1, NULL),
(338, 38, 18, NULL, NULL, 1, 1, 'Trong Winword, để sao chép một đoạn văn bản vào Clipboard, ta đánh dấu đoạn văn; sau đó', 4, 2, NULL, 1, NULL),
(339, 38, 18, NULL, NULL, 1, 1, 'Trong Micrsoft Word để tăng cỡ chữ ta sử dụng tổ hợp phím', 4, 2, NULL, 1, NULL),
(340, 38, 18, NULL, NULL, 1, 1, 'Hướng in mặc định trong word là hướng gì?', 4, 2, NULL, 1, NULL),
(341, 38, 18, NULL, NULL, 1, 1, 'Lệnh nào cho phép lưu tài liệu với tên khác', 4, 2, NULL, 1, NULL),
(342, 38, 18, NULL, NULL, 1, 1, 'Trong khi đang soạn thảo văn bản Word, tổ hợp phím Ctrl + V thường được sử dụng để', 4, 2, NULL, 1, NULL),
(343, 38, 18, NULL, NULL, 1, 1, 'Lệnh nào sau đây dùng để thay đổi kiểu chữ', 4, 2, NULL, 1, NULL),
(344, 39, 18, NULL, NULL, 1, 1, 'Trong Microsoft Excel, phương án nào dưới đây không phải là địa chỉ ô?', 4, 2, NULL, 1, NULL),
(345, 39, 18, NULL, NULL, 1, 1, 'Trong Microsoft Excel, cú pháp hàm nào là đúng?', 4, 2, NULL, 1, NULL),
(346, 39, 18, NULL, NULL, 1, 1, 'Trong MS Excel 2010, giả sử tại ô B5 có công thức = A1+$B$2+C$3. Sau khi sao chép công thức đó từ ô B5 đến ô D8 sẽ có công thức', 4, 2, NULL, 1, NULL),
(347, 39, 18, NULL, NULL, 1, 1, 'Làm cách nào để di chuyển Sheet2 ra trước Sheet1', 4, 2, NULL, 1, NULL),
(348, 39, 18, NULL, NULL, 1, 1, 'Trong Microsoft Excel, phương án nào dưới đây là địa chỉ tuyệt đối?', 4, 2, NULL, 1, NULL),
(349, 39, 18, NULL, NULL, 1, 1, 'Trong Microsoft Excel, công thức nào cho phép xếp thứ tự vùng giá trị số A2:A10 theo chiều tăng dần?', 4, 2, NULL, 1, NULL),
(350, 39, 18, NULL, NULL, 1, 1, 'Trong MS Excel 2010, công thức sau trả về giá trị nào: = IF(5 >= 5,"Không được tuyển dụng")', 4, 2, NULL, 1, NULL),
(351, 39, 18, NULL, NULL, 1, 1, 'Trong MS Excel 2010, một trong các cách View sau không dược hỗ trợ khi đang thao tác trên Workbook:', 4, 2, NULL, 1, NULL),
(352, 39, 18, NULL, NULL, 1, 1, 'Trong Microsoft Excel, phương án nào dưới đây là địa chỉ hỗn hợp?', 4, 2, NULL, 1, NULL),
(353, 39, 18, NULL, NULL, 1, 1, 'Trong Microsoft Excel, ô A2 có dữ liệu "TINHOC" ; Tại ô B2 nhập công thức =VALUE(A2) thì nhận được kết quả nào?', 3, 2, NULL, 1, NULL),
(354, 39, 18, NULL, NULL, 1, 1, 'Trong MS Excel 2010, để ghép 2 xâu ký tự "VU LOC" và "AN" thành xâu ký tự mới là "VU LOC AN", ta sử dụng công thức:', 4, 2, NULL, 1, NULL),
(355, 39, 18, NULL, NULL, 1, 1, 'Để dữ liệu ngày tháng năm được hiển thị dưới dạng Nov-23-2004, trong thẻ number, hộp Type, nhập vào chuỗi ký tự:', 4, 2, NULL, 1, NULL),
(356, 39, 18, NULL, NULL, 1, 1, 'Trong công thức của Microsoft Excel, sử dụng phím nào để chuyển đổi địa chỉ tuyệt đối sang địa chỉ tương đối hoặc ngược lại cho ô hoặc vùng đã chọn?', 4, 2, NULL, 1, NULL),
(357, 39, 18, NULL, NULL, 1, 1, 'Trong Microsoft Excel, ô A2 có dữ liệu "Tin hoc van phong" ; Tại ô B2 nhập công thức =LOWER(A2) thì nhận được kết quả nào?', 4, 2, NULL, 1, NULL),
(358, 39, 18, NULL, NULL, 1, 1, 'Trong Excel hàm TODAY() trả về:', 4, 2, NULL, 1, NULL),
(359, 39, 18, NULL, NULL, 1, 1, 'Biểu thức sau cho kết quả là bao nhiêu nếu DTB = 9 và HK loại C trong đó DTB: Điểm trung bình. HK: Hạnh kiểm =If(AND(DTB>=8, HK= "A"),300,1000)', 4, 2, NULL, 1, NULL),
(360, 39, 18, NULL, NULL, 1, 1, 'Trong Microsoft Excel, cách nào để mở một tệp Excel đã có trên máy tính?', 4, 2, NULL, 1, NULL),
(361, 39, 18, NULL, NULL, 1, 1, 'Trong Microsoft Excel, ô A2 có dữ liệu "Tin hoc van phong" ; Tại ô B2 nhập công thức =UPPER(A2) thì nhận được kết quả nào?', 4, 2, NULL, 1, NULL),
(362, 39, 18, NULL, NULL, 1, 1, 'Hàm SUM(-12, -5, 7, 100) cho kết quả:', 4, 2, NULL, 1, NULL),
(363, 39, 18, NULL, NULL, 1, 1, 'Biểu thức sau cho kết quả là bao nhiêu nếu DTB = 6? =If(DTB>=5,Dau, Truot)', 4, 2, NULL, 1, NULL),
(364, 39, 18, NULL, NULL, 1, 1, 'Trong Microsoft Excel, cách nào để tạo mới một tệp?', 4, 2, NULL, 1, NULL),
(365, 39, 18, NULL, NULL, 1, 1, 'Trong Microsoft Excel, công thức = MIN(0,2,3,4,1) cho kết quả nào?', 3, 2, NULL, 1, NULL),
(366, 39, 18, NULL, NULL, 1, 1, 'Trong bảng tính Excel, tại ô A2 có sẵn giá trị số 25 ; Tại ô B2 gõ vào công thức =SQRT(A2) thì nhận được kết quả:', 3, 2, NULL, 1, NULL),
(367, 39, 18, NULL, NULL, 1, 1, 'Biểu thức sau cho kết quả là bao nhiêu nếu DTB = 9? =If(DTB>=5, "TB",If(DTB>=6.5, "Kha",If(DTB>= 8, "Gioi", "Yeu")))', 4, 2, NULL, 1, NULL),
(368, 39, 18, NULL, NULL, 1, 1, 'Trong Microsoft Excel, cách nào để đóng một tệp?', 4, 2, NULL, 1, NULL),
(369, 39, 18, NULL, NULL, 1, 1, 'Trong Microsoft Excel, công thức =MINE(0,1,2,3) cho kết quả nào?', 3, 2, NULL, 1, NULL),
(370, 39, 18, NULL, NULL, 1, 1, 'Trong bảng tính Excel, nếu trong một ô tính có các kí hiệu #####, điều đó có nghĩa là gì?', 4, 2, NULL, 1, NULL),
(371, 39, 18, NULL, NULL, 1, 1, 'Trong Excel ô A1 chứa trị –3; ô A2 chứa trị 2. Hàm MOD(A1,A2) sẽ trả về trị?', 4, 2, NULL, 1, NULL),
(372, 39, 18, NULL, NULL, 1, 1, 'Trong Microsoft Excel, cách nào để thoát khỏi chương trình?', 4, 2, NULL, 1, NULL),
(373, 39, 18, NULL, NULL, 1, 1, 'Trong Microsoft Excel, công thức = AVERAGE(4,5,MIN(8,6,7)) cho kết quả nào?', 4, 2, NULL, 1, NULL),
(374, 40, 18, NULL, NULL, 1, 1, 'Trong Power Point 2010, cách nào để tạo một bản trình bày (Presentation) mới?', 4, 2, NULL, 1, NULL),
(375, 40, 18, NULL, NULL, 1, 1, 'Trong Power Point 2010, cách nào để di chuyển dến một Slide khác không liền kề khi đang thực hiện trình diễn?', 4, 2, NULL, 1, NULL),
(376, 40, 18, NULL, NULL, 1, 1, 'Trong Power Point 2010, thanh công cụ truy cập nhanh có tên là?', 4, 2, NULL, 1, NULL),
(377, 40, 18, NULL, NULL, 1, 1, 'Trong PowerPoint 2010, thao tác nào sau đây dùng để bật, tắt khung lưới Gridlines', 4, 2, NULL, 1, NULL),
(378, 40, 18, NULL, NULL, 1, 1, 'Trong Power Point 2010, để lưu file, ta làm thế nào?', 4, 2, NULL, 1, NULL),
(379, 40, 18, NULL, NULL, 1, 1, 'Trong Power Point 2010, cách nào dùng để trình chiếu Slide?', 4, 2, NULL, 1, NULL),
(380, 40, 18, NULL, NULL, 1, 1, 'Trong Power Point 2010, nút lệnh Screen Shot có chức năng?', 4, 2, NULL, 1, NULL),
(381, 40, 18, NULL, NULL, 1, 1, 'Mỗi trang trình diễn trong PowerPoint được gọi là:', 4, 2, NULL, 1, NULL),
(382, 40, 18, NULL, NULL, 1, 1, 'Trong Power Point 2010, cách nào sau đây cho phép định dạng chung cho toàn bộ các Slide?', 4, 2, NULL, 1, NULL),
(383, 40, 18, NULL, NULL, 1, 1, 'Trong Power Point 2010, cách nào để thiết lập hiệu ứng cho văn bản, hình ảnh…', 4, 2, NULL, 1, NULL),
(384, 40, 18, NULL, NULL, 1, 1, 'Trong Power Point 2010, ở chế độ trình chiếu, có thể chuyển con trỏ chuột sang dạng laser bằng cách?', 4, 2, NULL, 1, NULL),
(385, 40, 18, NULL, NULL, 1, 1, 'Trong PowerPoint 2010, vào View / Slide Master / Themes...', 4, 2, NULL, 1, NULL),
(386, 40, 18, NULL, NULL, 1, 1, 'Trong Power Point 2010, cách nào để lựa chọn bố cục cho Slide?', 4, 2, NULL, 1, NULL),
(387, 40, 18, NULL, NULL, 1, 1, 'Trong Power Point 2010, cách nào để chọn hiệu ứng chuyển động cho đối tượng theo một đường dẫn?', 4, 2, NULL, 1, NULL),
(388, 40, 18, NULL, NULL, 1, 1, 'Trong Power Point 2010, thoát khỏi chương trình bằng cách?', 4, 2, NULL, 1, NULL),
(389, 40, 18, NULL, NULL, 1, 1, 'Trong PowerPoint 2010, SmartArt có mấy nhóm', 4, 2, NULL, 1, NULL),
(390, 40, 18, NULL, NULL, 1, 1, 'Trong Power Point 2010, muốn chọn bố cục cho trang đầu tiên (trang bìa) của bài trình diễn, cần chọn loại bố cục nào?', 4, 2, NULL, 1, NULL),
(391, 40, 18, NULL, NULL, 1, 1, 'Trong chương trình MS PowerPoint, chức năng Design/Themes dùng để làm gì?', 4, 2, NULL, 1, NULL),
(392, 40, 18, NULL, NULL, 1, 1, 'Trong Power Point 2010, để chuyển tập tin trình diễn sang dạng video?', 4, 2, NULL, 1, NULL),
(393, 40, 18, NULL, NULL, 1, 1, 'Trong PowerPoint 2010, Equation có mấy dạng', 4, 2, NULL, 1, NULL),
(394, 40, 18, NULL, NULL, 1, 1, 'Trong Power Point 2010, cách nào để lựa chọn bố cục cho Slide đã chọn gồm tiêu đề và nội dung?', 4, 2, NULL, 1, NULL),
(395, 40, 18, NULL, NULL, 1, 1, 'Trong chương trình MS PowerPoint, chức năng Animations dùng để làm gì?', 4, 2, NULL, 1, NULL),
(396, 40, 18, NULL, NULL, 1, 1, 'Trong Power Point 2010, vào Home/ Line Spacing?', 4, 2, NULL, 1, NULL),
(397, 40, 18, NULL, NULL, 1, 1, 'Trong PowerPoint 2010, có bao nhiêu nhóm hiệu ứng chuyển đổi các trang Slide', 4, 2, NULL, 1, NULL),
(398, 40, 18, NULL, NULL, 1, 1, 'Trong Power Point 2010, thực hiện thao tác nào để lựa chọn nhiều Slide không liên tiếp trong một Presentation?', 4, 2, NULL, 1, NULL),
(399, 40, 18, NULL, NULL, 1, 1, 'Phát biểu nào sau đây là đúng?', 4, 2, NULL, 1, NULL),
(400, 40, 18, NULL, NULL, 1, 1, 'Trong Power Point 2010, để đặt mật khẩu cho file hiện tai?', 4, 2, NULL, 1, NULL),
(401, 40, 18, NULL, NULL, 1, 1, 'Trong PowerPoint 2010, hiệu ứng chuyển đổi các trang CLOCK thuộc nhóm nào sau đây', 4, 2, NULL, 1, NULL),
(402, 40, 18, NULL, NULL, 1, 1, 'Trong Power Point 2010, cách nào để nhân đôi 1 Slide đã được chọn?', 4, 2, NULL, 1, NULL),
(403, 40, 18, NULL, NULL, 1, 1, 'Trong Power Point 2010, cách nào dùng để xóa hiệu ứng chuyển tiếp Slide?', 4, 2, NULL, 1, NULL),
(404, 40, 18, NULL, NULL, 1, 1, 'Trong PowerPoint 2010, để chuyển đoạn văn bản được chọn sang chữ in hoa, ta dùng tổ hợp Phím?', 4, 2, NULL, 1, NULL),
(405, 40, 18, NULL, NULL, 1, 1, 'Trong PowerPoint 2010, hiệu ứng chuyển đổi các trang ORBIT thuộc nhóm nào sau đây', 4, 2, NULL, 1, NULL),
(406, 40, 18, NULL, NULL, 1, 1, 'Power Point 2010, cách nào để xóa 1 Slide đã được chọn?', 4, 2, NULL, 1, NULL),
(407, 40, 18, NULL, NULL, 1, 1, 'Trong Power Point 2010, phần mở rộng của tên file là nhóm ký tự nào?', 4, 2, NULL, 1, NULL),
(408, 40, 18, NULL, NULL, 1, 1, 'Trong PowerPoint, tổ hợp Phím nào sau được dùng để in?', 4, 2, NULL, 1, NULL),
(409, 40, 18, NULL, NULL, 1, 1, 'Trong PowerPoint 2010, hiệu ứng chuyển đổi các trang SHAPE thuộc nhóm nào sau đây', 4, 2, NULL, 1, NULL),
(410, 40, 18, NULL, NULL, 1, 1, 'Trong Power Point 2010, cách nào để sao chép 1 Slide đã được chọn?', 4, 2, NULL, 1, NULL),
(411, 40, 18, NULL, NULL, 1, 1, 'Trong Powerpoint muốn đánh số cho từng Slide, ta dùng lệnh nào sau đây:', 4, 2, NULL, 1, NULL),
(412, 40, 18, NULL, NULL, 1, 1, 'Trong PowerPoint, tổ hợp Phím nào sau dùng để tạo thêm 1 trang Slide mới?', 4, 2, NULL, 1, NULL),
(413, 40, 18, NULL, NULL, 1, 1, 'Trong PowerPoint 2010, có mấy nhóm hiệu ứng cho các đối tượng trên Slide', 4, 2, NULL, 1, NULL),
(414, 40, 18, NULL, NULL, 1, 1, 'Trong Powerpoint, tổ hợp phím Ctrl + V thường được sử dụng để', 4, 2, NULL, 1, NULL),
(415, 40, 18, NULL, NULL, 1, 1, 'Phát biểu nào sau đây đúng?', 4, 2, NULL, 1, NULL),
(416, 40, 18, NULL, NULL, 1, 1, 'Trong PowerPoint 2010, để xóa toàn bộ định dạng đoạn văn bản được chọn?', 4, 2, NULL, 1, NULL),
(417, 40, 18, NULL, NULL, 1, 1, 'Trong PowerPoint 2010, hiệu ứng cho các đối tượng trên Slide gồm các nhóm nào sau đây', 4, 2, NULL, 1, NULL),
(418, 40, 18, NULL, NULL, 1, 1, 'Trong Powerpoint, tổ hợp phím Ctrl + C được sử dụng để', 4, 2, NULL, 1, NULL),
(419, 40, 18, NULL, NULL, 1, 1, 'Muốn chèn sơ đồ tổ chức vào Slide ,ta thực hiện thế nào?', 4, 2, NULL, 1, NULL),
(420, 40, 18, NULL, NULL, 1, 1, 'Trong PowerPoint 2010, Chèn chữ nghệ thuật WordArt?', 4, 2, NULL, 1, NULL),
(421, 40, 18, NULL, NULL, 1, 1, 'Trong PowerPoint 2010, thao tác nào sau đây để thiết lập thư mục lưu trữ mặc định', 4, 2, NULL, 1, NULL),
(422, 40, 18, NULL, NULL, 1, 1, 'Trong Power Point 2010, cách nào để ẩn một slide đã được chọn?', 4, 2, NULL, 1, NULL),
(423, 40, 18, NULL, NULL, 1, 1, 'Trong Power Point 2010, cách nào để đánh số trang cho các Slide?', 4, 2, NULL, 1, NULL),
(424, 40, 18, NULL, NULL, 1, 1, 'Trong PowerPoint 2010, sau khi đã chèn một bảng vào slide, muốn chia ô hiện tại thành 2 ô?', 4, 2, NULL, 1, NULL),
(425, 40, 18, NULL, NULL, 1, 1, 'Trong PowerPoint 2010, thao tác nào sau đây để nhúng Font kèm theo bài thuyết trình', 4, 2, NULL, 1, NULL),
(426, 40, 18, NULL, NULL, 1, 1, 'Trong Power Point 2010, cách nào để soạn thảo nội dung Slide?', 4, 2, NULL, 1, NULL),
(427, 40, 18, NULL, NULL, 1, 1, 'Trong Power Point 2010, cách nào để chèn bảng biểu vào Slide?', 4, 2, NULL, 1, NULL),
(428, 40, 18, NULL, NULL, 1, 1, 'Trong PowerPoint 2010, sau khi đã chèn một bảng vào slide, muốn xóa cột nào đó', 4, 2, NULL, 1, NULL),
(429, 40, 18, NULL, NULL, 1, 1, 'Trong Powerpoint, muốn tạo một sơ đồ tổ chức, ta dùng lệnh hay thao tác nào sau đây:', 4, 2, NULL, 1, NULL),
(430, 40, 18, NULL, NULL, 1, 1, 'Trong Power Point 2010, cách nào để thêm 1 Slide mới?', 4, 2, NULL, 1, NULL),
(431, 40, 18, NULL, NULL, 1, 1, 'Trong Power Point 2010, cách nào để xoá bỏ một Slide đã chọn?', 4, 2, NULL, 1, NULL),
(432, 40, 18, NULL, NULL, 1, 1, 'Khi đang trình chiếu, muốn chuyển sang màn hình của một chương trình ứng dụng khác (đã mở trước) để minh họa mà không kết thúc việc trình chiếu, sử dụng tổ hợp phím nào sau đây', 4, 2, NULL, 1, NULL),
(433, 40, 18, NULL, NULL, 1, 1, 'Trong Powerpoint muốn chèn các Slide từ 1 tập tin khác vào tập tin đang mở, ta dùng lệnh hay thao tác nào sau đây:', 4, 2, NULL, 1, NULL),
(434, 40, 18, NULL, NULL, 1, 1, 'Trong Power Point 2010, nếu chọn 2 Slide và dùng lệnh Duplicate Slide thì tạo ra thêm mấy Slide ?', 4, 2, NULL, 1, NULL),
(435, 40, 18, NULL, NULL, 1, 1, 'Trong Power Point 2010, chế độ hiển thị nào cho phép thực hiện sắp xếp lại các Slide?', 4, 2, NULL, 1, NULL),
(436, 40, 18, NULL, NULL, 1, 1, 'Trong PowerPoint 2010, lần lượt nhấn phím ALT, phím H, phím 1 tương ứng với tổ hợp phím nào sau đây', 4, 2, NULL, 1, NULL),
(437, 40, 18, NULL, NULL, 1, 1, 'Trong Powerpoint muốn chèn một công thức toán học vào Slide, ta dùng lệnh hay tổ hợp phím nào sau đây:', 4, 2, NULL, 1, NULL),
(438, 40, 18, NULL, NULL, 1, 1, 'Trong Powerpoint muốn chèn một table vào Slide, ta dùng lệnh gì hay tổ hợp phím nào sau đây:', 4, 2, NULL, 1, NULL),
(439, 40, 18, NULL, NULL, 1, 1, 'Trong phần Hyperlink ta chọn First Slide sẽ cho phép liên kết tới slide?', 4, 2, NULL, 1, NULL),
(440, 40, 18, NULL, NULL, 1, 1, 'Trong Powerpoint 2010, lần lượt nhấn phím ALT, phím N, phím T tương ứng với lựa chọn nào sau đây', 4, 2, NULL, 1, NULL),
(441, 41, 18, NULL, NULL, 1, 1, 'WWW là viết tắt của?', 4, 2, NULL, 1, NULL),
(442, 41, 18, NULL, NULL, 1, 1, 'Các khả năng hỗ trợ của Internet?', 4, 2, NULL, 1, NULL),
(443, 41, 18, NULL, NULL, 1, 1, 'Google Chrome là gì?', 4, 2, NULL, 1, NULL),
(444, 41, 18, NULL, NULL, 1, 1, 'Thao tác nào là không thực hiện được với trang web cố định:', 4, 2, NULL, 1, NULL),
(445, 41, 18, NULL, NULL, 1, 1, 'Dịch vụ Internet được cung cấp vào Việt Nam vào năm nào?', 4, 2, NULL, 1, NULL),
(446, 41, 18, NULL, NULL, 1, 1, 'Để tìm kiếm thông tin trên Internet ta sử dụng địa chỉ nào sau đây', 4, 2, NULL, 1, NULL),
(447, 41, 18, NULL, NULL, 1, 1, 'Đâu là định nghĩa đúng nhất về trang Web?', 4, 2, NULL, 1, NULL),
(448, 41, 18, NULL, NULL, 1, 1, 'Các thành phần sau đây, thành phần nào không phải là thành phần của một mạng máy tính ?', 4, 2, NULL, 1, NULL),
(449, 41, 18, NULL, NULL, 1, 1, 'Internet có nghĩa là', 4, 2, NULL, 1, NULL),
(450, 41, 18, NULL, NULL, 1, 1, 'Ethernet là gì?', 4, 2, NULL, 1, NULL),
(451, 41, 18, NULL, NULL, 1, 1, 'Địa chỉ nào không phải là địa chỉ trang web?', 4, 2, NULL, 1, NULL),
(452, 41, 18, NULL, NULL, 1, 1, 'Trên trang Web Google, để tìm các trang Web nói về cách trồng hoa Phong Lan, chúng ta nên gõ cụm từ nào là tốt nhất', 4, 2, NULL, 1, NULL),
(453, 41, 18, NULL, NULL, 1, 1, 'Sự kiện nào được coi là khởi đầu cho việc hình thành mạng Internet?', 4, 2, NULL, 1, NULL),
(454, 41, 18, NULL, NULL, 1, 1, 'Ngày nay việc học tập qua mạng rất phổ biến, thuật ngữ kỹ thuật chỉ việc học tập qua mạng Internet là gì?', 4, 2, NULL, 1, NULL),
(455, 41, 18, NULL, NULL, 1, 1, 'Chương trình được sử dụng để xem các trang Web được gọi là gì?', 4, 2, NULL, 1, NULL),
(456, 41, 18, NULL, NULL, 1, 1, 'Muốn xem được trang web, máy tính của bạn cần phải cài đặt', 4, 2, NULL, 1, NULL),
(457, 41, 18, NULL, NULL, 1, 1, 'Tổ chức nào sáng lập ra Internet?', 4, 2, NULL, 1, NULL),
(458, 41, 18, NULL, NULL, 1, 1, 'FTP là viết tắt của cụm từ tiếng Anh nào?', 4, 2, NULL, 1, NULL),
(459, 41, 18, NULL, NULL, 1, 1, 'Để xem một trang Web, ta cần gõ địa chỉ của trang đó vào đâu?', 4, 2, NULL, 1, NULL),
(460, 41, 18, NULL, NULL, 1, 1, 'Để tìm kiếm nhanh trang web nói về cách thức nuôi cá Basa?', 4, 2, NULL, 1, NULL),
(461, 41, 18, NULL, NULL, 1, 1, 'Thứ tự kết nối Internet theo đường quay số theo bạn là gì?', 4, 2, NULL, 1, NULL),
(462, 41, 18, NULL, NULL, 1, 1, 'Mô hình TCP/IP gồm mấy tầng?', 4, 2, NULL, 1, NULL),
(463, 41, 18, NULL, NULL, 1, 1, 'Nút Back trên thanh công cụ của trình duyệt Web có tác dụng gì?', 4, 2, NULL, 1, NULL),
(464, 41, 18, NULL, NULL, 1, 1, 'Để truy cập vào một WebSite ta phải biết?', 4, 2, NULL, 1, NULL),
(465, 41, 18, NULL, NULL, 1, 1, 'Online có nghĩa là gì?', 4, 2, NULL, 1, NULL),
(466, 41, 18, NULL, NULL, 1, 1, 'Mô hình OSI có mấy tầng?', 4, 2, NULL, 1, NULL),
(467, 41, 18, NULL, NULL, 1, 1, 'Nút Forward trên thanh công cụ của trình duyệt Web có tác dụng gì?', 4, 2, NULL, 1, NULL),
(468, 41, 18, NULL, NULL, 1, 1, 'Tường lửa là gì?', 4, 2, NULL, 1, NULL),
(469, 41, 18, NULL, NULL, 1, 1, 'Nút “Home” trên trang web có nghĩa là', 4, 2, NULL, 1, NULL),
(470, 41, 18, NULL, NULL, 1, 1, 'IAP là viết tắt của cụm từ tiếng Anh nào?', 4, 2, NULL, 1, NULL),
(471, 41, 18, NULL, NULL, 1, 1, 'Nút nào trên thanh công cụ của trình duyệt web cho phép tải lại một trang web?', 4, 2, NULL, 1, NULL),
(472, 41, 18, NULL, NULL, 1, 1, 'Qua dịch vụ Web chúng ta có thể thực hiện được việc (chọn câu đúng nhất):', 4, 2, NULL, 1, NULL),
(473, 41, 18, NULL, NULL, 1, 1, 'Ứng dụng nào để duyệt Web', 4, 2, NULL, 1, NULL),
(474, 41, 18, NULL, NULL, 1, 1, 'ICP là viết tắt của cụm từ tiếng Anh nào?', 4, 2, NULL, 1, NULL),
(475, 41, 18, NULL, NULL, 1, 1, 'Nút nào trên thanh công cụ của trình duyệt web cho phép bạn tìm kiếm thông tin trên WWW?', 4, 2, NULL, 1, NULL),
(476, 41, 18, NULL, NULL, 1, 1, 'Để ngừng tải nội dung một trang Web từ máy chủ, kích chuột tại nút nào sau đây trong cửa sổ trình duyệt?', 4, 2, NULL, 1, NULL),
(477, 41, 18, NULL, NULL, 1, 1, 'Tiền thân của mạng Internet ngày nay là?', 4, 2, NULL, 1, NULL),
(478, 41, 18, NULL, NULL, 1, 1, 'OSP là viết tắt của cụm từ tiếng Anh nào?', 4, 2, NULL, 1, NULL),
(479, 41, 18, NULL, NULL, 1, 1, 'Trong Internet Explorer phiên bản 7 hoặc mới hơn, phím tắt để thêm một Tab', 4, 2, NULL, 1, NULL),
(480, 41, 18, NULL, NULL, 1, 1, 'Công cụ truyền thông cho phép mọi người phân phối, khai thác và cung cấp những câu chuyện, bản tin và các thông tin khác?', 4, 2, NULL, 1, NULL),
(481, 41, 18, NULL, NULL, 1, 1, 'ISP là viết tắt của:', 4, 2, NULL, 1, NULL),
(482, 41, 18, NULL, NULL, 1, 1, 'TCP/IP là tên viết tắt của cụm từ tiếng Anh nào?', 4, 2, NULL, 1, NULL),
(483, 41, 18, NULL, NULL, 1, 1, 'Internet Explorer phiên bản 7 hoặc mới hơn, phím tắt để đóng một Tab?', 4, 2, NULL, 1, NULL),
(484, 41, 18, NULL, NULL, 1, 1, 'Việc tải file dữ liệu từ internet bị chậm là do:', 4, 2, NULL, 1, NULL),
(485, 41, 18, NULL, NULL, 1, 1, 'Việt Nam chính thức gia nhập Internet vào thời điểm nào?', 4, 2, NULL, 1, NULL),
(486, 41, 18, NULL, NULL, 1, 1, 'Phương pháp kết nối Internet nào phổ biến nhất đối với người dùng riêng lẻ?', 4, 2, NULL, 1, NULL),
(487, 41, 18, NULL, NULL, 1, 1, 'Trong Internet Explorer phiên bản 7 hoặc mới hơn, phím tắt chuyển đến Tab liền kề bên phải', 4, 2, NULL, 1, NULL),
(488, 41, 18, NULL, NULL, 1, 1, 'Ứng dụng nào được sử dụng để giao tiếp, truy cập thông tin, hoạt động kinh doanh, và cho các mục đích giải trí?', 4, 2, NULL, 1, NULL),
(489, 41, 18, NULL, NULL, 1, 1, 'Khi phát biểu về Internet, phát biểu nào dưới đây là sai', 4, 2, NULL, 1, NULL),
(490, 41, 18, NULL, NULL, 1, 1, 'Để 2 mạng có thể trao đổi thông tin với nhau thì cần có các điều kiện gì?', 4, 2, NULL, 1, NULL),
(491, 41, 18, NULL, NULL, 1, 1, 'Trong Internet Explorer phiên bản 7 hoặc mới hơn, phím tắt chuyển đến Tab liền kề bên trái', 4, 2, NULL, 1, NULL),
(492, 41, 18, NULL, NULL, 1, 1, 'Kỹ thuật mạng dùng để kết nối các máy tính trong phạm vi một tòa nhà được gọi là gì?', 4, 2, NULL, 1, NULL),
(493, 41, 18, NULL, NULL, 1, 1, 'Mỗi thiết bị khi tham gia vào một mạng máy tính nào đó cũng đều có', 4, 2, NULL, 1, NULL),
(494, 41, 18, NULL, NULL, 1, 1, 'Các mạng trên Internetthường được kết nối với nhau bởi thiết bị có tên gọi là gì?', 4, 2, NULL, 1, NULL),
(495, 41, 18, NULL, NULL, 1, 1, 'Trong trình duyệt Internet Explorer, để lưu một bức ảnh về máy tính, ta làm như sau:', 4, 2, NULL, 1, NULL),
(496, 41, 18, NULL, NULL, 1, 1, 'Hai lợi ích thu được từ việc sử dụng thương mại điện tử?', 4, 2, NULL, 1, NULL),
(497, 41, 18, NULL, NULL, 1, 1, 'Để tìm thông tin "Công chức" trên trang web “www.phutho.gov.vn” ta vào google gõ từ khóa tìm kiếm nào để google trả về kết quả không có kết quả từ các trang web khác', 4, 2, NULL, 1, NULL),
(498, 41, 18, NULL, NULL, 1, 1, 'OSI là tên viết tắt của cụm từ tiếng Anh nào?', 4, 2, NULL, 1, NULL),
(499, 41, 18, NULL, NULL, 1, 1, 'ch vụ thư điện tử được dùng để làm gì?', 4, 2, NULL, 1, NULL),
(500, 41, 18, NULL, NULL, 1, 1, 'Trong trình duyệt Internet Explorer, để lưu lại địa chỉ của trang web ưa thích, ta thực hiện thao chọn:', 4, 2, NULL, 1, NULL),
(501, 41, 18, NULL, NULL, 1, 1, 'Cấu trúc một địa chỉ thư điện tử?', 4, 2, NULL, 1, NULL),
(502, 41, 18, NULL, NULL, 1, 1, 'Đâu là thứ tự đúng của các tầng trong mô hình TCP/IP (từ dưới lên)?', 4, 2, NULL, 1, NULL),
(503, 41, 18, NULL, NULL, 1, 1, 'Để trả lời thư cho người gửi, bạn sử dụng nút nào?', 4, 2, NULL, 1, NULL),
(504, 41, 18, NULL, NULL, 1, 1, 'Dưới góc độ địa lí, mạng máy tính được phân biệt thành:', 4, 2, NULL, 1, NULL),
(505, 41, 18, NULL, NULL, 1, 1, 'Công cụ tìm kiếm thông tin trên Internet hiện nay', 4, 2, NULL, 1, NULL),
(506, 41, 18, NULL, NULL, 1, 1, 'Đặc điểm nổi bật của các trang Web là gì?', 4, 2, NULL, 1, NULL),
(507, 41, 18, NULL, NULL, 1, 1, 'Để chuyển tiếp thư tới người khác, bạn sử dụng nút nào?', 4, 2, NULL, 1, NULL),
(508, 41, 18, NULL, NULL, 1, 1, 'Kí hiệu nào sau đây có thể tồn tại trong một địa chỉ Email?', 4, 2, NULL, 1, NULL),
(509, 41, 18, NULL, NULL, 1, 1, 'Trong khi soạn thảo email nếu muốn gửi kèm file chúng ta Nhấn vào nút', 4, 2, NULL, 1, NULL),
(510, 41, 18, NULL, NULL, 1, 1, 'Trong các thuật ngữ dưới, thuật ngữ nào KHÔNG chỉ các giao thức?', 4, 2, NULL, 1, NULL),
(511, 41, 18, NULL, NULL, 1, 1, 'Muốn trao đổi trực tuyến với người dùng khác trên mạng, bạn sử dụng dịch vụ gì?', 4, 2, NULL, 1, NULL),
(512, 41, 18, NULL, NULL, 1, 1, 'Để chặn các Email không mong muốn, thực hiện thao tác chọn Email, sau đó:', 4, 2, NULL, 1, NULL),
(513, 41, 18, NULL, NULL, 1, 1, 'Chọn phát biểu đúng về tên miền', 4, 2, NULL, 1, NULL),
(514, 41, 18, NULL, NULL, 1, 1, 'Một người dùng cá nhân muốn sử dụng Internet thì nên liên hệ với tổ chức nào?', 4, 2, NULL, 1, NULL),
(515, 41, 18, NULL, NULL, 1, 1, 'Virut máy tính không thể lây qua việc:', 4, 2, NULL, 1, NULL),
(516, 41, 18, NULL, NULL, 1, 1, 'Với thư điện tử, phát biểu nào sau đây là sai:', 4, 2, NULL, 1, NULL),
(517, 41, 18, NULL, NULL, 1, 1, 'HTTP là gì?', 4, 2, NULL, 1, NULL),
(518, 41, 18, NULL, NULL, 1, 1, 'Các thành phần của tên miền được phân cách bằng ký tự gì?', 4, 2, NULL, 1, NULL),
(519, 41, 18, NULL, NULL, 1, 1, 'Để soạn thảo một thư điện tử mới, bạn chọn nút nào?', 4, 2, NULL, 1, NULL),
(520, 41, 18, NULL, NULL, 1, 1, 'Mục Spam trong cửa sổ chương trình Email lưu trữ thông tin gì?', 4, 2, NULL, 1, NULL),
(521, 41, 18, NULL, NULL, 1, 1, 'Hai người trao đổi thông tin với nhau qua ứng dụng hội thoại trong cùng một mạng cơ quan. Phát biểu nào sau đây là đúng ?', 4, 2, NULL, 1, NULL),
(522, 41, 18, NULL, NULL, 1, 1, 'Phiên bản IPv4 sử dụng bao nhiêu bit để đánh địa chỉ?', 4, 2, NULL, 1, NULL),
(523, 41, 18, NULL, NULL, 1, 1, 'Đâu không phải là trình duyệt Web?', 4, 2, NULL, 1, NULL),
(524, 41, 18, NULL, NULL, 1, 1, 'Email đã soạn thảo sẽ được lưu trữ trong mục nào sau đây nếu người dùng chưa bấm nút gửi thư?', 4, 2, NULL, 1, NULL),
(525, 41, 18, NULL, NULL, 1, 1, 'Trong một trang web, Hyperlink là gì?', 4, 2, NULL, 1, NULL),
(526, 41, 18, NULL, NULL, 1, 1, 'Phiên bản IPv6 sử dụng bao nhiêu bit để đánh địa chỉ?', 4, 2, NULL, 1, NULL),
(527, 41, 18, NULL, NULL, 1, 1, 'Đâu là ứng dụng thư điện tử?', 4, 2, NULL, 1, NULL),
(528, 41, 18, NULL, NULL, 1, 1, 'Phương thức nào là thời gian thực, dựa trên thông tin văn bản giữa hai hoặc nhiều người tham gia sử dụng Internet?', 4, 2, NULL, 1, NULL),
(529, 41, 18, NULL, NULL, 1, 1, 'Để bảo vệ dữ liệu trên máy tính ta nên:', 4, 2, NULL, 1, NULL),
(530, 41, 18, NULL, NULL, 1, 1, 'Địa chỉ IP được chia thành bao nhiêu phần, ngăn cách các phần bằng ký tự gì?', 4, 2, NULL, 1, NULL),
(531, 41, 18, NULL, NULL, 1, 1, 'Cookie là gì?', 4, 2, NULL, 1, NULL),
(532, 41, 18, NULL, NULL, 1, 1, 'Mục Sent trong cửa sổ chương trình Email lưu trữ thông tin gì?', 4, 2, NULL, 1, NULL),
(533, 41, 18, NULL, NULL, 1, 1, 'Khi muốn lưu lại trang Web đang duyệt lên máy tính, bạn phải làm thế nào trên trình duyệt Internet Explorer', 4, 2, NULL, 1, NULL),
(534, 41, 18, NULL, NULL, 1, 1, 'Các số "168.191.1.1" là 1 ví dụ của', 4, 2, NULL, 1, NULL),
(535, 41, 18, NULL, NULL, 1, 1, 'Virus máy tinh có khả năng?', 4, 2, NULL, 1, NULL),
(536, 41, 18, NULL, NULL, 1, 1, 'Offline có nghĩa là?', 4, 2, NULL, 1, NULL),
(537, 41, 18, NULL, NULL, 1, 1, '"Download" có nghĩa là:', 4, 2, NULL, 1, NULL),
(538, 41, 18, NULL, NULL, 1, 1, 'Mục đích chính của việc đưa ra tên miền là gì?', 4, 2, NULL, 1, NULL),
(539, 41, 18, NULL, NULL, 1, 1, 'Hai người đã tạo được tài khoản thư miễn phí tại địa chỉ MAIL.YAHOO.COM. Phát biểu nào dưới đây là sai:', 4, 2, NULL, 1, NULL),
(540, 41, 18, NULL, NULL, 1, 1, 'Địa chỉ nào không phải là địa chỉ email?', 4, 2, NULL, 1, NULL),
(541, 41, 18, NULL, NULL, 1, 1, '"Link" trên trang web có nghĩa là:', 4, 2, NULL, 1, NULL),
(542, 41, 18, NULL, NULL, 1, 1, 'DNS là viết tắt của cụm từ tiếng Anh nào?', 4, 2, NULL, 1, NULL),
(543, 41, 18, NULL, NULL, 1, 1, 'Phát biểu nào dưới đây là sai:', 4, 2, NULL, 1, NULL),
(544, 41, 18, NULL, NULL, 1, 1, 'Khi nhận được bản tin "Mail undeliverable" có nghĩa là:', 4, 2, NULL, 1, NULL),
(545, 41, 18, NULL, NULL, 1, 1, 'Để truy cập vào một trang Web chúng ta cần phải biết:', 4, 2, NULL, 1, NULL),
(546, 41, 18, NULL, NULL, 1, 1, 'HTML là viết tắt của cụm từ tiếng Anh nào?', 4, 2, NULL, 1, NULL),
(547, 41, 18, NULL, NULL, 1, 1, 'Điều nào sau đây là lợi thế của thư điện tử so với thư tín gửi qua đường bưu điện', 4, 2, NULL, 1, NULL),
(548, 41, 18, NULL, NULL, 1, 1, 'Tên miền gov.vn được dùng cho:', 4, 2, NULL, 1, NULL),
(549, 41, 18, NULL, NULL, 1, 1, 'Để xem lại lịch sử duyệt web ta dùng tổ hợp phím trên trình duyệt Internet Explorer', 4, 2, NULL, 1, NULL),
(550, 41, 18, NULL, NULL, 1, 1, 'Thiết bị nào cho phép hai máy tính truyền thông với nhau thông qua mạng điện thoại?', 4, 2, NULL, 1, NULL),
(551, 36, 18, NULL, NULL, 1, 1, 'Các thành phần cơ bản của 1 máy tính', 4, 2, NULL, 1, NULL),
(552, 36, 18, NULL, NULL, 1, 1, 'Mozilla Firefox là', 4, 2, NULL, 1, NULL),
(553, 36, 18, NULL, NULL, 1, 1, 'Thông tin nào sau đây nói về thư điện tử?', 4, 2, NULL, 1, NULL),
(554, 36, 18, NULL, NULL, 1, 1, 'Khi kết nối thành một mạng máy tính cục bộ và các thiết bị, theo Bạn thiết bị nào sau đây có thể được chia sẻ để sử dụng chung?', 4, 2, NULL, 1, NULL),
(555, 36, 18, NULL, NULL, 1, 1, 'Các chương trình được cài đặt trong ROM là', 4, 2, NULL, 1, NULL),
(556, 36, 18, NULL, NULL, 1, 1, 'Các loại hệ điều hành Windows đều có khả năng tự động nhận biết các thiết bị phần cứng và tự động cài đặt cấu hình của các thiết bị đây là chức năng:', 4, 2, NULL, 1, NULL),
(557, 36, 18, NULL, NULL, 1, 1, 'Chọn phát biểu đúng về Email', 4, 2, NULL, 1, NULL),
(558, 36, 18, NULL, NULL, 1, 1, 'Khi đang sử dụng Windows, để lưu nội dung màn hình vào bộ nhớ Clipboard ta sử dụng các phím nào?', 4, 2, NULL, 1, NULL),
(559, 36, 18, NULL, NULL, 1, 1, 'Đơn vị tính nhỏ nhất của máy tính là gì', 4, 2, NULL, 1, NULL),
(560, 36, 18, NULL, NULL, 1, 1, 'Phần mềm nào sau đây không phải là phần mềm mã nguồn mở', 4, 2, NULL, 1, NULL),
(561, 36, 18, NULL, NULL, 1, 1, 'Phát biểu nào sau đây về thư điện tử (email) đúng', 4, 2, NULL, 1, NULL),
(562, 36, 18, NULL, NULL, 1, 1, 'Internet hiện nay phát triển ngày càng nhanh ; theo bạn, thời điểm Việt Nam chính thức gia nhập Internet là', 4, 2, NULL, 1, NULL),
(563, 36, 18, NULL, NULL, 1, 1, 'Bit là gì?', 4, 2, NULL, 1, NULL),
(564, 36, 18, NULL, NULL, 1, 1, 'Hộp điều khiển việc phóng to, thu nhỏ, đóng cửa sổ gọi là:', 4, 2, NULL, 1, NULL),
(565, 36, 18, NULL, NULL, 1, 1, 'Muốn trao đổi trực tiếp với người dùng khác trên mạng, sử dụng dịch vụ:', 4, 2, NULL, 1, NULL),
(566, 36, 18, NULL, NULL, 1, 1, 'Các hệ điều hành thông dụng hiện nay thường được lưu trữ :', 4, 2, NULL, 1, NULL),
(567, 36, 18, NULL, NULL, 1, 1, '1 byte bằng', 4, 2, NULL, 1, NULL),
(568, 36, 18, NULL, NULL, 1, 1, 'Ở tình huống nào dưới đây, máy tính thực thi công việc tốt hơn con người?', 4, 2, NULL, 1, NULL),
(569, 36, 18, NULL, NULL, 1, 1, 'Nhắn tin tức thời (IM - Instant Messaging) là gì', 4, 2, NULL, 1, NULL),
(570, 37, 18, NULL, NULL, 1, 1, 'Trong soạn thảo Winword, muốn định dạng lại trang giấy in, ta thực hiện', 4, 2, NULL, 1, NULL),
(571, 37, 18, NULL, NULL, 1, 1, 'Trong windows, ở cửa sổ Explore, để chọn một lúc các file hoặc folder nằm không kề nhau trong một danh sách?', 4, 2, NULL, 1, NULL),
(572, 37, 18, NULL, NULL, 1, 1, 'Các kí tự nào sau đây được sử dụng để thay thế tên file trong thaotác tìm kiếm?', 4, 2, NULL, 1, NULL),
(573, 37, 18, NULL, NULL, 1, 1, 'Để tắt máy tính đúng cách ta chọn', 4, 2, NULL, 1, NULL),
(574, 37, 18, NULL, NULL, 1, 1, 'Phát biểu nào sau đây đúng nhất cho khái niệm về biểu tượng Shortcut trong Windows?', 4, 2, NULL, 1, NULL),
(575, 37, 18, NULL, NULL, 1, 1, 'Trong hệ điều hành Windows, xâu kí tự nào dưới đây không thể dùng làm tên tệp?', 4, 2, NULL, 1, NULL),
(576, 37, 18, NULL, NULL, 1, 1, 'Khi tìm kiếm tập tin, thư mục, ký tự * dùng để', 4, 2, NULL, 1, NULL),
(577, 37, 18, NULL, NULL, 1, 1, 'Trong hệ điều hành Windows, khi người dùng muốn rời khỏi máy tính, có thể dùng cách nào sau đây để khóa máy tính tạm thời?', 4, 2, NULL, 1, NULL),
(578, 37, 18, NULL, NULL, 1, 1, 'Khi đang làm việc với Windows, muốn xem tổ chức các tệp và thư mục trên đĩa, ta có thể sử dụng', 4, 2, NULL, 1, NULL),
(579, 37, 18, NULL, NULL, 1, 1, 'Thư mục không có gì bên trong, gọi là…', 4, 2, NULL, 1, NULL),
(580, 37, 18, NULL, NULL, 1, 1, 'Mục đích của việc nén dữ liệu (Data compression) là', 4, 2, NULL, 1, NULL),
(581, 37, 18, NULL, NULL, 1, 1, 'Lựa chọn nào sau đây trong Windows cho phép tắt máy tính và lưu trữ thông tin, trạng thái các chương trình đang hoạt động trong bộ nhớ vào ổ đĩa cứng?', 4, 2, NULL, 1, NULL),
(582, 37, 18, NULL, NULL, 1, 1, 'Để tạo biểu tượng Shortcut một chương trình ứng dụng trên Desktop của Windows, phương pháp nào sau đây không thể thực hiện được?', 4, 2, NULL, 1, NULL),
(583, 37, 18, NULL, NULL, 1, 1, 'Trong các tên tệp sau đây, cách đặt tên tệp nào máy sẽ báo lỗi?', 4, 2, NULL, 1, NULL),
(584, 37, 18, NULL, NULL, 1, 1, 'Ứng dụng nào được sử dụng mở các tệp tin có phần mở rộng là RAR, ZIP', 4, 2, NULL, 1, NULL),
(585, 38, 18, NULL, NULL, 1, 1, 'Chỉ số dưới là gì', 4, 2, NULL, 1, NULL),
(586, 38, 18, NULL, NULL, 1, 1, 'Bảng có kích thước 5x6 có nghĩa là', 4, 2, NULL, 1, NULL),
(587, 38, 18, NULL, NULL, 1, 1, 'Để đóng tài liệu, ta phải làm thế nào', 4, 2, NULL, 1, NULL),
(588, 38, 18, NULL, NULL, 1, 1, 'Thanh Zoom hiển thị 100% có nghĩa là', 4, 2, NULL, 1, NULL),
(589, 38, 18, NULL, NULL, 1, 1, 'Để tạo chỉ số dưới ta thực hiện', 4, 2, NULL, 1, NULL),
(590, 38, 18, NULL, NULL, 1, 1, 'Định nghĩa ô trong bảng', 4, 2, NULL, 1, NULL),
(591, 38, 18, NULL, NULL, 1, 1, 'Tổ hợp phím Ctrl + N có chức năng', 4, 2, NULL, 1, NULL),
(592, 38, 18, NULL, NULL, 1, 1, 'Thanh Zoom hiển thị 108% có nghĩa là', 4, 2, NULL, 1, NULL),
(593, 38, 18, NULL, NULL, 1, 1, 'Con trỏ đang ở chỉ số trên, làm thế nào để quay lại dòng bình thường', 4, 2, NULL, 1, NULL),
(594, 38, 18, NULL, NULL, 1, 1, 'Trong chế độ tạo bảng (Table) của phần mềm Microsoft word, để gộp nhiều ô thành một ô, ta thực hiện : Chọn các ô cần gộp, rồi chọn menu lệnh', 4, 2, NULL, 1, NULL),
(595, 38, 18, NULL, NULL, 1, 1, 'Trong Micrsoft Word để bật/tắt hiển thị thanh thước kẻ trên cửa sổ soạn thảo, ta thực hiện', 4, 2, NULL, 1, NULL),
(596, 38, 18, NULL, NULL, 1, 1, 'Trong khi làm việc với Word, tổ hợp phím tắt nào cho phép chọn tất cả văn bản đang soạn thảo', 4, 2, NULL, 1, NULL),
(597, 38, 18, NULL, NULL, 1, 1, 'Giữ phím Shift trên bàn phím và gõ 1 kí tự trên bàn phím (CapsLock không bật), sẽ cho kết quả', 4, 2, NULL, 1, NULL),
(598, 38, 18, NULL, NULL, 1, 1, 'Khi soạn thảo văn bản trong Microsoft word, muốn di chuyển từ 1 ô này sang ô kế tiếp về bên phải của một bảng (Table) ta bấm phím', 4, 2, NULL, 1, NULL),
(599, 38, 18, NULL, NULL, 1, 1, 'Nút FILE có chức năng gì', 4, 2, NULL, 1, NULL),
(600, 38, 18, NULL, NULL, 1, 1, 'Chế độ nào cho phép hiển thị văn bản như khi được in', 4, 2, NULL, 1, NULL),
(601, 38, 18, NULL, NULL, 1, 1, 'Khi ta ấn phím CapsLock trên bàn phím, sẽ cho kết quả', 4, 2, NULL, 1, NULL),
(602, 38, 18, NULL, NULL, 1, 1, 'Khi thao tác trong bảng, tổ hợp phím Shift + Tab có chức năng', 4, 2, NULL, 1, NULL),
(603, 38, 18, NULL, NULL, 1, 1, 'Chế độ Read Mode dùng để hiển thị', 4, 2, NULL, 1, NULL),
(604, 38, 18, NULL, NULL, 1, 1, 'Trong soạn thảo Word, muốn chèn các kí tự đặc biệt vào văn bản, ta thực hiện', 4, 2, NULL, 1, NULL),
(605, 38, 18, NULL, NULL, 1, 1, 'Làm thế nào để tắt chế độ Caps Lock', 4, 2, NULL, 1, NULL),
(606, 38, 18, NULL, NULL, 1, 1, 'Trong soạn thảo Winword, muốn định dạng văn bản theo kiểu danh sách, ta thực hiện', 4, 2, NULL, 1, NULL),
(607, 38, 18, NULL, NULL, 1, 1, 'Thanh Ribbon chứa những gì', 4, 2, NULL, 1, NULL),
(608, 38, 18, NULL, NULL, 1, 1, 'Muốn tạo được dấu % từ bản phím ta làm thế nào', 4, 2, NULL, 1, NULL),
(609, 38, 18, NULL, NULL, 1, 1, 'Lệnh Toogle Case có chức năng', 4, 2, NULL, 1, NULL),
(610, 38, 18, NULL, NULL, 1, 1, 'Trong Micrsoft Word để thực hiện vẽ các đường thẳng, hình khối, ta thực hiện', 4, 2, NULL, 1, NULL),
(611, 38, 18, NULL, NULL, 1, 1, 'Nút Zoom in (+) có chức năng gì', 4, 2, NULL, 1, NULL),
(612, 38, 18, NULL, NULL, 1, 1, 'Muốn gõ số từ bàn phím phụ, ta phải bật chế độ', 4, 2, NULL, 1, NULL),
(613, 38, 18, NULL, NULL, 1, 1, 'Lệnh Upper Case có chức năng', 4, 2, NULL, 1, NULL),
(614, 38, 18, NULL, NULL, 1, 1, 'Trong Micrsoft Word để chèn biểu đồ vào văn bản, ta thực hiện', 4, 2, NULL, 1, NULL),
(615, 38, 18, NULL, NULL, 1, 1, 'Phím nóng để ra lệnh in ấn đối với các ứng dụng thuộc Microsoft Office là gì', 4, 2, NULL, 1, NULL),
(616, 38, 18, NULL, NULL, 1, 1, 'Trong MS-Word, để chuyển trang làm việc đến trang 25, sử dụng tổ hợp phím nào sau đây', 4, 2, NULL, 1, NULL),
(617, 38, 18, NULL, NULL, 1, 1, 'Lệnh Lower Case có chức năng', 4, 2, NULL, 1, NULL),
(618, 38, 18, NULL, NULL, 1, 1, 'Các đối tượng đồ họa trong Word để nằm trong nhóm nào', 4, 2, NULL, 1, NULL),
(619, 38, 18, NULL, NULL, 1, 1, 'Thanh Quick Access Toolbar có mấy thành phần', 4, 2, NULL, 1, NULL),
(620, 38, 18, NULL, NULL, 1, 1, 'Để chèn được biểu tượng, ta vào', 4, 2, NULL, 1, NULL),
(621, 38, 18, NULL, NULL, 1, 1, 'Để căn lề cho đoạn văn ta thực hiện thao tác', 4, 2, NULL, 1, NULL),
(622, 38, 18, NULL, NULL, 1, 1, 'Tab Insert/ nhóm Illustrations/Picture có chức năng', 4, 2, NULL, 1, NULL),
(623, 38, 18, NULL, NULL, 1, 1, 'Thành phần chính chứa hầu hết các thao tác xử lý văn bản là', 4, 2, NULL, 1, NULL),
(624, 38, 18, NULL, NULL, 1, 1, 'Để chèn được dấu ≥ vào văn bản, ta thực hiện', 4, 2, NULL, 1, NULL),
(625, 38, 18, NULL, NULL, 1, 1, 'Word hỗ trợ các loại thụt đầu dòng nào', 4, 2, NULL, 1, NULL),
(626, 38, 18, NULL, NULL, 1, 1, 'Khi chèn hình ảnh vào Word, ta có thể', 4, 2, NULL, 1, NULL),
(627, 38, 18, NULL, NULL, 1, 1, 'Chế độ hiển thị nào cho phép hiển thị với kích cỡ font chữ lớn nhất', 4, 2, NULL, 1, NULL),
(628, 38, 18, NULL, NULL, 1, 1, 'Để chèn được ký hiệu Ò ta thực hiện các bước', 4, 2, NULL, 1, NULL),
(629, 38, 18, NULL, NULL, 1, 1, 'Lệnh Decrease indent có chức năng gì', 4, 2, NULL, 1, NULL),
(630, 38, 18, NULL, NULL, 1, 1, 'Trong soạn thảo Microsoft word, muốn định dạng lại trang giấy in, ta thực hiện', 4, 2, NULL, 1, NULL),
(631, 38, 18, NULL, NULL, 1, 1, 'Lệnh chuyển đổi giữa các tài liệu nằm trong tab nào trên thanh Ribbon', 4, 2, NULL, 1, NULL),
(632, 38, 18, NULL, NULL, 1, 1, 'Lệnh Save và Save As khác nhau như thế nào', 4, 2, NULL, 1, NULL),
(633, 38, 18, NULL, NULL, 1, 1, 'Lệnh Increase indent có chức năng gì', 4, 2, NULL, 1, NULL),
(634, 38, 18, NULL, NULL, 1, 1, 'Lề trang tài liệu là gì', 4, 2, NULL, 1, NULL),
(635, 38, 18, NULL, NULL, 1, 1, 'Bạn mở Word gõ thử vào đó một vài chữ, sau đó bạn nhấn chuột vào biểu tượng (x) ở góc phải trên của cửa sổ. Điều gì sẽ xảy ra', 4, 2, NULL, 1, NULL),
(636, 38, 18, NULL, NULL, 1, 1, 'Tổ hợp phím Ctrl + S có chức năng', 4, 2, NULL, 1, NULL),
(637, 38, 18, NULL, NULL, 1, 1, 'Loại Tab nào mà Word không hỗ trợ', 4, 2, NULL, 1, NULL),
(638, 38, 18, NULL, NULL, 1, 1, 'Để thay đổi lề trang văn bản, ta thực hiện', 4, 2, NULL, 1, NULL),
(639, 38, 18, NULL, NULL, 1, 1, 'Lệnh Help có chức năng', 4, 2, NULL, 1, NULL),
(640, 39, 18, NULL, NULL, 1, 1, 'Trong bảng tính Excel, tại ô A2 có sẵn giá trị số không (0); Tại ô B2 gõ vào công thức =5/A2 thì nhận được kết quả', 3, 2, NULL, 1, NULL),
(641, 39, 18, NULL, NULL, 1, 1, 'Trong Excel sau khi nhập công thức sau: ="123"-"23" ta có kết quả', 4, 2, NULL, 1, NULL),
(642, 39, 18, NULL, NULL, 1, 1, 'Trong Microsoft Excel, cách nào để lưu tệp hiện thời với tên mới', 4, 2, NULL, 1, NULL),
(643, 39, 18, NULL, NULL, 1, 1, 'Trong Microsoft Excel, công thức =VALUE("01") cho kết quả nào', 3, 2, NULL, 1, NULL),
(644, 39, 18, NULL, NULL, 1, 1, 'Trong bảng tính Excel, điều kiện trong hàm IF được phát biểu dưới dạng một phép so sánh. Khi cần so sánh khác nhau thì sử dụng kí hiệu nào', 4, 2, NULL, 1, NULL),
(645, 39, 18, NULL, NULL, 1, 1, 'Trong Excel hàm SUM("3",2,1) sẽ trả về trị', 4, 2, NULL, 1, NULL),
(646, 39, 18, NULL, NULL, 1, 1, 'Trong Microsoft Excel, cách nào cho phép đưa con trỏ về ô A1 của bảng tính', 4, 2, NULL, 1, NULL),
(647, 39, 18, NULL, NULL, 1, 1, 'Trong Microsoft Excel, tại ô A2 có dữ liệu "1Hanoi2". Sử dụng Fill hand để điền dữ liệu đến các ô B2, C2, D2, E2; tại ô E2 nhận được kết quả nào', 4, 2, NULL, 1, NULL),
(648, 39, 18, NULL, NULL, 1, 1, 'Trong bảng tính Excel, tại ô A2 gõ vào công thức =IF(3>5,100,IF(5<6,200,300)) thì kết quả nhận được tại ô A2 là', 4, 2, NULL, 1, NULL),
(649, 39, 18, NULL, NULL, 1, 1, 'Trong Excel hàm dùng để chuyển chuỗi số sang số là hàm nào trong các hàm sau', 4, 2, NULL, 1, NULL),
(650, 39, 18, NULL, NULL, 1, 1, 'Trong Microsoft Excel, cách nào cho phép di chuyển giữa các sheet', 4, 2, NULL, 1, NULL),
(651, 39, 18, NULL, NULL, 1, 1, 'Trong bảng tính Excel, để chèn thêm một cột vào trang tính, ta thực hiện', 4, 2, NULL, 1, NULL),
(652, 39, 18, NULL, NULL, 1, 1, 'Các kiểu dữ liệu thông dụng của Excel là', 4, 2, NULL, 1, NULL),
(653, 39, 18, NULL, NULL, 1, 1, 'Trong Excel biểu thức =24*2+5*2+(20-10)/2 sẽ trả về kết quả là bao nhiêu', 4, 2, NULL, 1, NULL),
(654, 39, 18, NULL, NULL, 1, 1, 'Trong Microsoft Excel, phím nào cho phép di chuyển con trỏ sang phải của ô hiện hành', 4, 2, NULL, 1, NULL),
(655, 39, 18, NULL, NULL, 1, 1, 'Trong Microsoft Excel, cách nào để mở hộp thoại thiết lập các thông số in bảng tính', 4, 2, NULL, 1, NULL),
(656, 39, 18, NULL, NULL, 1, 1, 'Trong bảng tính Excel, khi chiều dài dữ liệu kiểu số lớn hơn chiều rộng của ô thì sẽ hiện thị trong ô các kí tự', 4, 2, NULL, 1, NULL),
(657, 39, 18, NULL, NULL, 1, 1, 'Trong Excel biểu thức =SUM(9,1,MAX(3,5,7)) sẽ trả về kết quả là bao nhiêu', 4, 2, NULL, 1, NULL),
(658, 39, 18, NULL, NULL, 1, 1, 'Trong Microsoft Excel, cách nào cho phép di chuyển con trỏ sang trái của ô hiện hành', 4, 2, NULL, 1, NULL),
(659, 39, 18, NULL, NULL, 1, 1, 'Với cùng một nội dung, kích thước của tệp có phần mở rộng xls so với tệp có phần mở rộng xlsx như thế nào', 4, 2, NULL, 1, NULL),
(660, 39, 18, NULL, NULL, 1, 1, 'Trong Excel, khi viết sai tên hàm trong tính toán, chương trình thông báo lỗi', 4, 2, NULL, 1, NULL),
(661, 39, 18, NULL, NULL, 1, 1, 'Trong Excel biểu thức =MID("A123B",3,2) sẽ trả về kết quả là bao nhiêu', 4, 2, NULL, 1, NULL),
(662, 39, 18, NULL, NULL, 1, 1, 'Trong Microsoft Excel, phím nào cho phép di chuyển con trỏ đến cột đầu tiên của dòng hiện tại', 4, 2, NULL, 1, NULL),
(663, 39, 18, NULL, NULL, 1, 1, 'Trên Menu Bar của Cửa sổ Excel có một mục lệnh khác với Cửa sổ Word đó là', 4, 2, NULL, 1, NULL),
(664, 39, 18, NULL, NULL, 1, 1, 'Trong bảng tính Excel, vùng là tập hợp nhiều ô kế cận tạo thành hình chữ nhật, địa chỉ vùng được thể hiện như câu nào sau đây là đúng', 4, 2, NULL, 1, NULL),
(665, 39, 18, NULL, NULL, 1, 1, 'Trong Excel muốn sắp xếp dữ liệu sau khi quét khối phần dữ liệu muốn sắp xếp ta chọn', 4, 2, NULL, 1, NULL),
(666, 39, 18, NULL, NULL, 1, 1, 'Trong Microsoft Excel, cách nào cho phép di chuyển con trỏ đến vị trí màn hình khuất phải', 4, 2, NULL, 1, NULL),
(667, 39, 18, NULL, NULL, 1, 1, 'Trong bảng tính Excel, tại ô A2 gõ vào công thức =MAX(30,10,65,5) thì nhận được kết quả tại ô A2 là', 4, 2, NULL, 1, NULL),
(668, 39, 18, NULL, NULL, 1, 1, 'Trong Excel, tại ô A2 có giá trị là số 2008. Tại ô B2 gõ công thức =LEN(A2) thì nhận được kết quả', 3, 2, NULL, 1, NULL),
(669, 39, 18, NULL, NULL, 1, 1, 'Trong Excel, giả sử ô A1 của bảng tính lưu trị ngày 15/10/1970. Kết quả hàm =MONTH(A1) là bao nhiêu', 4, 2, NULL, 1, NULL),
(670, 39, 18, NULL, NULL, 1, 1, 'Trong Microsoft Excel, phím nào cho phép di chuyển con trỏ đến vị trí màn hình khuất trái', 4, 2, NULL, 1, NULL),
(671, 39, 18, NULL, NULL, 1, 1, 'Khi không tham chiếu được Excel báo', 4, 2, NULL, 1, NULL),
(672, 39, 18, NULL, NULL, 1, 1, 'Trong bảng tính Excel, hàm nào sau đây cho phép tính tổng các giá trị kiểu số thỏa mãn một điều kiện cho trước', 4, 2, NULL, 1, NULL),
(673, 39, 18, NULL, NULL, 1, 1, 'Hàm nào sai trong các hàm số sau', 4, 2, NULL, 1, NULL),
(674, 39, 18, NULL, NULL, 1, 1, 'Trong Microsoft Excel, cách nào cho phép di chuyển con trỏ lên vị trí màn hình khuất trên', 4, 2, NULL, 1, NULL),
(675, 39, 18, NULL, NULL, 1, 1, 'Trong bảng tính MS Excel, tại ô A1 có giá trị số 16, tại ô B1 gõ vào công thức =SQRT(A1) thì nhận được kết quả là', 3, 2, NULL, 1, NULL),
(676, 39, 18, NULL, NULL, 1, 1, 'Một công thức trong Excel sẽ bao gồm', 4, 2, NULL, 1, NULL);

-- --------------------------------------------------------

--
-- Structure de la table `tbcauhoitudong`
--

CREATE TABLE `tbcauhoitudong` (
  `cauhoitudong_soluong` tinyint(4) DEFAULT NULL,
  `mucdo_id` int(11) UNSIGNED DEFAULT NULL,
  `chude_id` int(11) UNSIGNED DEFAULT NULL,
  `kiemtra_id` int(11) UNSIGNED DEFAULT NULL,
  `loaicauhoi_id` int(11) UNSIGNED DEFAULT NULL,
  `khoi_id` int(11) UNSIGNED DEFAULT NULL,
  `tohop_id` int(10) UNSIGNED DEFAULT NULL,
  `monhoc_id` int(11) UNSIGNED DEFAULT NULL,
  `phongthi_id` int(10) UNSIGNED DEFAULT NULL
) ENGINE=InnoDB DEFAULT CHARSET=utf8 COLLATE=utf8_unicode_ci;

--
-- Contenu de la table `tbcauhoitudong`
--

INSERT INTO `tbcauhoitudong` (`cauhoitudong_soluong`, `mucdo_id`, `chude_id`, `kiemtra_id`, `loaicauhoi_id`, `khoi_id`, `tohop_id`, `monhoc_id`, `phongthi_id`) VALUES
(5, 18, 36, 26, NULL, NULL, NULL, NULL, NULL),
(5, 18, 37, 26, NULL, NULL, NULL, NULL, NULL),
(10, 18, 38, 26, NULL, NULL, NULL, NULL, NULL),
(10, 18, 39, 26, NULL, NULL, NULL, NULL, NULL),
(10, 18, 40, 26, NULL, NULL, NULL, NULL, NULL),
(10, 18, 41, 26, NULL, NULL, NULL, NULL, NULL);

-- --------------------------------------------------------

--
-- Structure de la table `tbchude`
--

CREATE TABLE `tbchude` (
  `chude_id` int(10) UNSIGNED NOT NULL,
  `monhoc_id` int(10) UNSIGNED DEFAULT NULL,
  `chude_tieude` varchar(250) COLLATE utf8_unicode_ci DEFAULT NULL,
  `chude_mota` text COLLATE utf8_unicode_ci,
  `chude_trangthai` tinyint(1) DEFAULT NULL
) ENGINE=InnoDB DEFAULT CHARSET=utf8 COLLATE=utf8_unicode_ci;

--
-- Contenu de la table `tbchude`
--

INSERT INTO `tbchude` (`chude_id`, `monhoc_id`, `chude_tieude`, `chude_mota`, `chude_trangthai`) VALUES
(36, 2, 'Module1', '', 1),
(37, 2, 'Module2', '', 1),
(38, 2, 'Module3', '', 1),
(39, 2, 'Module4', '', 1),
(40, 2, 'Module5', '', 1),
(41, 2, 'Module 6', '', 1);

-- --------------------------------------------------------

--
-- Structure de la table `tbcounter`
--

CREATE TABLE `tbcounter` (
  `counter_id` int(11) NOT NULL,
  `counter_session` varchar(32) COLLATE utf8_unicode_ci DEFAULT NULL,
  `counter_ip` varchar(30) COLLATE utf8_unicode_ci DEFAULT NULL,
  `counter_time` bigint(20) DEFAULT NULL
) ENGINE=InnoDB DEFAULT CHARSET=utf8 COLLATE=utf8_unicode_ci;

--
-- Contenu de la table `tbcounter`
--

INSERT INTO `tbcounter` (`counter_id`, `counter_session`, `counter_ip`, `counter_time`) VALUES
(1, '00b2114778e8108ccd52fee1f4d87737', '127.0.0.1', 1446882497),
(2, '535d6f11df6620a8126492755c1cbbc6', '127.0.0.1', 1446951755),
(3, 'd454336dce5890259685f787b3fb4640', '::1', 1446966330),
(4, 'f6b2018b01998ffd08ac6f01d968bfe2', '127.0.0.1', 1474205298),
(5, '770ab1bc6da92f52ad7422e6d407ee97', '117.4.31.14', 1474304873),
(6, '00c169c23fe58c423e1e4e0d172925b6', '14.182.223.25', 1474305580),
(7, '40bf6199a72545a4573f528e21db92b6', '14.182.223.25', 1474305999),
(8, '4c2037e1d2cc90857d9c9085d0a0356d', '180.76.15.154', 1474326142),
(9, '7f19bb08d3907ea86d490e34bc115bf9', '180.76.15.31', 1474326142),
(10, '946c89dbfc164010c90ac56f9e19048d', '180.76.15.161', 1474326434),
(11, '7513c268001f8a0fdf8d97d49f690113', '117.4.36.29', 1474336228),
(12, 'ff127a9b5eb8be46e92d581420de70d6', '117.6.245.35', 1474345414),
(13, 'fd1432425ea7b883c789d3634cf5603b', '66.249.82.88', 1474532885),
(14, '547c31531576e7b3aceb18f1ee76a40d', '117.4.31.14', 1474555763),
(15, 'f346f429dfeef3f0447b5fb4bf07be46', '117.4.31.14', 1474556372),
(16, 'da52cd4c65d81efe254908f6b2799f94', '180.76.15.163', 1474647452),
(17, '34bfbf8082033216088962bfba2f8e2b', '180.76.15.27', 1474744171),
(18, '34dc29a536d1d34e68c22ee03792be39', '180.76.15.135', 1474757059),
(19, '005fe46263fa9d701b740a62b01b3139', '14.181.157.51', 1474809035),
(20, 'ce33c308bea780c9b9bc73a83d3eaed3', '27.76.109.165', 1474809371),
(21, 'a08d8a3daffded6aa197590cf7fe2627', '180.76.15.161', 1474815766),
(22, '67af76854033186791491d5dcbcebf03', '180.76.15.8', 1474815767),
(23, 'f8c78d6050426f45c45d10f27d58f7f9', '180.76.15.149', 1474815767),
(24, 'f73664797b9e322e6c0093e9f5d425f9', '180.76.15.148', 1474815767),
(25, '137169007f98b83e22a17df558a2cf21', '113.189.148.61', 1474906196),
(26, 'b7b518d96f1fbe721ddb93452df66eab', '14.181.41.235', 1474951852),
(27, '7f9a85058798dde06c803ce379253f97', '180.76.15.150', 1474971099),
(28, '1520d405ec8cca73600014a48c1e837a', '180.76.15.25', 1474971099),
(29, '6f38d16601abce9ad362a18c8a61f4f2', '180.76.15.136', 1475008530),
(30, '3636cda15d44421cc893a1c7752c80ec', '180.76.15.14', 1475054245),
(31, 'bbbdf350782242630808176c2fe434a6', '117.5.48.252', 1475073248),
(32, 'f8dbd880779dfc7c32706d0f457fc15d', '14.163.231.18', 1475073459),
(33, '1d8c747dd4ad7168c5cf5d7e3d0aa317', '180.76.15.15', 1475136245),
(34, '4905c49fcbaf31776c84a69a105ff0a8', '117.6.245.35', 1475139935),
(35, '3ddf32567a9b75062424ace16dafe115', '116.111.81.197', 1475257568),
(36, 'e0c60a6aeccf78556a421fe25113011b', '180.76.15.23', 1475272114),
(37, 'f9a4ca8dcae5a27b4dfbaf12008cf80d', '14.190.170.53', 1475325390),
(38, '68fd616e0fd7f5e9067cab2c913c76e1', '116.111.81.197', 1475333352),
(39, '09aca6e8820a70f02690a11bd8ae9d8f', '116.111.81.197', 1475369380),
(40, '96592ca36151452072b49b62b4c252fc', '14.188.209.208', 1475370678),
(41, '29ca0c8b0eeead1e6168a61401e8706d', '116.111.81.197', 1475378962),
(42, '588b7781d82208e10eb854de4be3442b', '14.188.209.208', 1475395151),
(43, 'c52b002c1c00566c36cdf368bdc2196a', '180.76.15.29', 1475400451),
(44, 'd711dc9633b2f7b316ae4cf548a693ba', '117.4.31.14', 1475401515),
(45, '0a35beadc08b7e8c1fa136cb564d8a49', '127.0.0.1', 1475416681),
(46, 'cfad19dc1e1948cbc26a17b09a93402f', '127.0.0.1', 1479998009),
(47, 'd1d5a44a21dc4d057bb4f387975e0946', '127.0.0.1', 1480688784),
(48, '95aedc0f2876f6f7dacdee36965f2eef', '127.0.0.1', 1480694803),
(49, 'dd80da4ef24d7bc676dd11ee2d4e1974', '127.0.0.1', 1480695187),
(50, '99b54c374682ff889e2a4e8817c50a68', '127.0.0.1', 1480698881),
(51, 'cc117d025f7c7fdd547669b1e3ccb3fc', '127.0.0.1', 1480699195),
(52, '327200f8618c78a7b7c850f080cc188a', '127.0.0.1', 1481465195),
(53, 'e59e11cafcc057a0ce01db3b6695d14b', '127.0.0.1', 1481596234),
(54, '67df23eb58ed77025b9ef010f0e4b298', '172.168.2.250', 1483085777),
(55, '8910fe18beb8bc1627e75f9143bf071c', '172.168.2.61', 1483085844),
(56, '281f426999eca1e64ecc03310989d54d', '172.168.2.103', 1483086966),
(57, '9bdebea1293efb474c8165dc2f6de978', '172.168.2.103', 1483087024),
(58, '8d16fcd25cbdda2fba989ac858afb02f', '172.168.2.103', 1483087041),
(59, 'd155ae514189e875062d1a186faa3993', '172.168.2.103', 1483087048),
(60, '150ccb7e2eb4c754941e7cc130e68113', '172.168.2.221', 1483087050),
(61, 'a395af08366d3c7f40053c6c339d53ba', '172.168.2.221', 1483087072),
(62, 'f5bb6ef44f6a5a30d9b368ab4a143d7d', '172.168.2.219', 1483087131),
(63, 'd7fbb5eb04188a345e6abb6b0b23cea0', '172.168.2.219', 1483087145),
(64, 'b6f03b7837d075493a4941fe7b405930', '172.168.2.90', 1483087173),
(65, '273202522693ec4ef932dd8e298208fd', '172.168.2.152', 1483087218),
(66, '5d02d9bdd4074f8f07de60c0660eec1e', '172.168.2.127', 1483087221),
(67, 'cf7627026ed9e32a579dce42d2160505', '172.168.2.122', 1483087252),
(68, 'd0dbfacc912890249e36a791524ee89b', '172.168.2.102', 1483087258),
(69, 'cfde97dff16b7ee94e73d08afe297ec1', '172.168.2.124', 1483087292),
(70, 'e516a6f68f6c99cb17c10cf2875d0956', '172.168.2.145', 1483087320),
(71, '2f8883bb150e4a279e484072ecdf402b', '172.168.2.242', 1483087330),
(72, '33e9dc1f2f7cdd505cc9ae47822f5d2c', '172.168.2.146', 1483087333),
(73, '3cbbfdab40e5742e48a13df7e4bd829c', '172.168.2.163', 1483087383),
(74, '751e167a37a8125544f6c002b24fbc5e', '172.168.2.143', 1483087388),
(75, 'cd269e492c91c6704656e711bd781531', '172.168.2.239', 1483087391),
(76, '54c06d3876c1a87151580df26a8fadbc', '172.168.2.119', 1483087420),
(77, 'f9200695234d013a2334075f94271b6e', '172.168.2.239', 1483087422),
(78, 'e8fb2d9fcdd2ae634e6d0af55ce21103', '172.168.2.193', 1483087434),
(79, '94643b451109c72539bc4a103f507964', '172.168.2.158', 1483087448),
(80, 'c8d039c0990a8df00825593c36d711d8', '172.168.2.75', 1483087498),
(81, 'da4780214a039456c919a64c673ef1b2', '172.168.2.160', 1483087509),
(82, '20adaf32a4853037c3ff2c723282c491', '172.168.2.157', 1483087543),
(83, '9fa9f87003c20035504cd9005c7ee737', '172.168.2.73', 1483087548),
(84, '0ea0b868a3c1d2aa5a11fd81b3c2ee3a', '172.168.2.148', 1483087558),
(85, '4a6e6a7c53bdaafc0754566dc990c99d', '172.168.2.95', 1483087599),
(86, 'a8fd75dd1e8abcbdc450eed2c5251817', '172.168.2.207', 1483087653),
(87, 'e57aa55758d04a9a80dc53a6e011b154', '172.168.2.130', 1483087658),
(88, '8b92143eb093d357141d6eba3a1d0839', '172.168.2.119', 1483087672),
(89, '584909aebe9fdb3c6a7d4676aa13de18', '172.168.2.219', 1483087704),
(90, '971a044d10ca1094052ea2b04be509d9', '172.168.2.237', 1483087714),
(91, 'e1191d5cfa71c1aaa8e310f68ee402a4', '172.168.2.124', 1483087756),
(92, 'ba9346e211b8d2bc89036bbb85b2a3d5', '172.168.2.106', 1483087765),
(93, '1617307ff4cd12e69b9f3bd1e7d23c50', '172.168.2.221', 1483087842),
(94, 'f42a46411b936ec75f77b6005a35bb6d', '172.168.2.219', 1483087867),
(95, '1721e72d65abb063d6b409aaa0f6975d', '172.168.2.152', 1483088057),
(96, '600019b8c40ea0f406b0d2a3604da804', '172.168.2.90', 1483088059),
(97, '8c6a86096c34de795758987ee7817b02', '172.168.2.122', 1483088076),
(98, '63d36d37bdf7cf34ff7e4c20b99b8aef', '172.168.2.140', 1483088180),
(99, '0c52318d1ad6e74c9bc0d08e398dec97', '172.168.2.219', 1483088267),
(100, '9826c1e10183f7630b92d1957ce8ba70', '172.168.2.219', 1483088741),
(101, 'e65093fcd86af841ff78e4773cbd46d2', '172.168.2.219', 1483088845),
(102, 'e293de07c01ea48bceb7d3713bec0c9f', '172.168.2.135', 1483088953),
(103, '500dddfee4ef1c0a38ab878aef97080f', '172.168.2.135', 1483088997),
(104, '0cb290e4ec96a5035e85a7e569fd2836', '172.168.2.163', 1483089009),
(105, '134ffe59f06dd2647a221def09a5da3e', '172.168.2.207', 1483089027),
(106, 'd14c844c4615c19fdbdbf402801e705b', '172.168.2.207', 1483089060),
(107, '35e7dc1cfcabb60f1cfda6b5bd03e69f', '172.168.2.148', 1483089103),
(108, '0239c5ef3687a67e2fd7c41f0e99f073', '172.168.2.122', 1483089130),
(109, 'a4435049627ed94a61775c6c22637a8d', '172.168.2.122', 1483089158),
(110, 'abcb31e5973e68b7129ea7adb4b222a4', '172.168.2.103', 1483089184),
(111, 'b9f6a0be100d2abfad1b92304149b7e7', '172.168.2.219', 1483089267),
(112, '0476ccff444de836df057eb66d1a0ccc', '172.168.2.219', 1483089412),
(113, '5e6671da9d5cc07c12fd22821440840c', '172.168.2.61', 1483405934),
(114, '87a418326536850f33b71c1ebe6abaab', '172.168.2.219', 1483405968),
(115, '63031237af197ad48bc9c7c95e43fc71', '172.168.2.219', 1483406337),
(116, '33866244db1dd8a2d3cf42fbf514d803', '172.168.2.219', 1483407194),
(117, '036294eaacbf88cc592e0b37598f8a92', '172.168.2.219', 1483407242),
(118, '3d1453e05a8eba7f02dd3e9bc5b7bbbf', '172.168.2.103', 1483407269),
(119, '781d9879e4e5c9377c18f431899c3998', '172.168.2.103', 1483407279),
(120, '24c8d0acfb7ab3be69d04793b315b5ea', '172.168.2.221', 1483407289),
(121, '09a67a90476f6ee45429dd0e32db4755', '172.168.2.221', 1483407300),
(122, 'bbab5fc39f7b8f9c1aa1d242199955f6', '172.168.2.192', 1483407332),
(123, '0acba10e349ffd8b164f701e3c21cae9', '172.168.2.192', 1483407354),
(124, 'd10f205702006c3a4cc70666fcb3120b', '172.168.2.193', 1483407373),
(125, 'c7da755ef87cdd2690f810a2df80e8c0', '172.168.2.90', 1483407377),
(126, 'fd2507b1ff058d54882fa46cb47579f5', '172.168.2.193', 1483407380),
(127, '66b910206424a58b55e35241c0c886a0', '172.168.2.90', 1483407383),
(128, '5afff149b913a291086ccba2a898d78a', '172.168.2.122', 1483407394),
(129, 'c90a927cc866ccf2f0b76b87b9cf434b', '172.168.2.119', 1483407403),
(130, '17a9759f3e2b0c49df61920ec52053a3', '172.168.2.122', 1483407404),
(131, 'cc457bc1812bbf6d6865b5ba5a1a8b27', '172.168.2.119', 1483407413),
(132, 'a1e62160bd183edb25b31ad495916be4', '172.168.2.140', 1483407429),
(133, 'ab76da8f3a28c4b1d879ae2de1b2e679', '172.168.2.213', 1483407433),
(134, 'b39da952a416c6ecbd9752e37ba36cd3', '172.168.2.213', 1483407440),
(135, '5f91ab73105d48e2f44e3d926a1c409f', '172.168.2.103', 1483407453),
(136, '05faa0b4bbc50fa3bb6468d5d2ff7b8c', '172.168.2.145', 1483407457),
(137, 'f6a9a6f2a1224493af86077ce665d184', '172.168.2.145', 1483407476),
(138, '5b7b835fdd476fc46027d2c4ad529101', '172.168.2.102', 1483407488),
(139, 'd4794c56b2b783ec8a59d45194fd768a', '172.168.2.195', 1483407490),
(140, '852f28d8279c4f8c7b029c298666d1d1', '172.168.2.102', 1483407493),
(141, 'f7c787876769c234b9c1bc5c9d596eff', '172.168.2.195', 1483407495),
(142, 'cafaf3a9911543016cb97058d8315de3', '172.168.2.226', 1483407506),
(143, '86af9e3b9451ab8c3b4a2e776581f676', '172.168.2.226', 1483407515),
(144, '794ec202fc11a1f53e703f8842c3209a', '172.168.2.227', 1483407525),
(145, '19e9e31eec716941568fcaff5246a590', '172.168.2.227', 1483407532),
(146, '703df12b03c1556941ac88cf96772113', '172.168.2.203', 1483407533),
(147, '8035bc793e5cdcfc2f68634c067f4156', '172.168.2.203', 1483407556),
(148, '28ddd7475e8b6e8208c22e6c433225a2', '172.168.2.200', 1483407583),
(149, '38da8187d800381c27ecbac9d85d9857', '172.168.2.200', 1483407590),
(150, '00556847833c9d6f77aa0a51ae89eb91', '172.168.2.207', 1483407603),
(151, '70ecdb97ecb5be13393a8e174ba27d16', '172.168.2.207', 1483407611),
(152, '773cb3bca6ad02127b48b04422e12052', '172.168.2.199', 1483407635),
(153, '54e8e559f1782a498195890c93c6e704', '172.168.2.199', 1483407643),
(154, '37aa8bb2f10f245b65d38eb3e209ea3f', '172.168.2.160', 1483407667),
(155, 'b0c1c2c701fb39178da1bff531686b5b', '172.168.2.160', 1483407672),
(156, 'e30d7f11bc4d61aaf1b05e3022c82e0f', '172.168.2.222', 1483407689),
(157, 'd3c6d8f586637ff33697471a865a14de', '172.168.2.222', 1483407694),
(158, '4d7977dc58ece58d0ff8fad55f9c18b4', '172.168.2.237', 1483407712),
(159, '2cf0a45ce84628a4f221aa573198ba41', '172.168.2.237', 1483407732),
(160, '342569416612e2bc2c31fed887946cfa', '172.168.2.95', 1483407745),
(161, '28cf6d9d4564a26ed48e60e02bff54ff', '172.168.2.95', 1483407758),
(162, '31d994f0a0d0acbbff7bcb8887bd09bb', '172.168.2.238', 1483407784),
(163, '5b4962b981c41bd340526f8cb61b67fc', '172.168.2.238', 1483407785),
(164, '6bb4dc2f014ff23860607ea577734342', '172.168.2.238', 1483407793),
(165, '83eb6622fd546d9e499bf250d0a04670', '172.168.2.217', 1483407820),
(166, 'cc4217b6977e59612ea6c794ee5acfc9', '172.168.2.75', 1483407837),
(167, 'f368e3a92e79f162d354386f8097f7f2', '172.168.2.75', 1483407844),
(168, '16674dca809560fe0eddab773eba690a', '::1', 1483408633),
(169, '4181b7f6b5715b169a4959430e75fcc3', '172.168.2.86', 1483411093),
(170, '876f875c30ecb9cc34c7cf3efcedd210', '172.168.2.61', 1483411094),
(171, 'bb564e70b593135e4dd2b6f54e058511', '172.168.2.219', 1483411201),
(172, 'f47734c62637c0ae997ee2d5a771d068', '172.168.2.219', 1483411645),
(173, '5e459e2b71543571735f28f3a9242a88', '172.168.2.219', 1483411813),
(174, 'a3ef50c56c414a0566febc5f6c950338', '172.168.2.52', 1483413199),
(175, '3658156a29ae0a4300937b3ff09a9257', '172.168.2.52', 1483413740),
(176, '3d6a5418895413fdb9ab0149a66cf220', '172.168.2.61', 1483413753),
(177, '8a1b06190d0a37b09405934d6aad4a74', '172.168.2.61', 1483414860),
(178, 'c7771e46823e0bad61929d4eb6d435b5', '172.168.2.61', 1483415397),
(179, '8d334061ac0f10ad51e047d7fb4b2eae', '172.168.2.61', 1483426367),
(180, '7c403b491741e46e2cbc76ca7d8dea8b', '172.168.2.61', 1483490070),
(181, 'c5969fcf3bea39ec85711230f93bcab7', '172.168.2.125', 1483491084),
(182, '5eb75c5a18b980252c399b84f5c8ff64', '172.168.2.61', 1483491180),
(183, 'be70d5979e2b889f20273892d607435e', '172.168.2.128', 1483491293),
(184, 'df0e091e031dbc7f2c674b5c6b31970e', '172.168.2.253', 1483491325),
(185, '9bd254ae93ec1ddfb2ee2803bd52d730', '172.168.2.192', 1483491339),
(186, '2e9a2876290adc72d2a9c34802672ee2', '172.168.2.221', 1483491351),
(187, 'd5c3775d4ef804ac7d6026a3bebd87e6', '172.168.2.134', 1483491505),
(188, '01c049e9d9fe4454c1f83908752773c6', '172.168.2.129', 1483491527),
(189, 'a345f78ac5216dd90e983d361c505901', '172.168.2.140', 1483491553),
(190, 'de9f28c2803975ac4624242f7928da40', '172.168.2.195', 1483491577),
(191, '50dc59726f458080d71fb1b6d99489b9', '172.168.2.203', 1483491593),
(192, 'c3e17a3a4ad3d1134db3438b6dba8312', '172.168.2.200', 1483491615),
(193, '72a81a0610d23bdaf929ed2d3b5840de', '172.168.2.133', 1483491633),
(194, '44ef0eff436e9229b09762f4e19b1e68', '172.168.2.199', 1483491679),
(195, '053beb7f060bc8d957c6e88faa90a7ae', '172.168.2.141', 1483491692),
(196, '6d2e057b7417d99cc5a6f754c5183628', '172.168.2.160', 1483491695),
(197, 'bc9a8506a6ae15c6b33fecbab7dafaa8', '172.168.2.139', 1483491712),
(198, '347c58643cb9b980d538df6021261fd2', '172.168.2.227', 1483491742),
(199, 'c9240ef6e3cfc4cae5383652a465350a', '172.168.2.226', 1483491790),
(200, 'a8437b4f02f773e2b12ea0ba697f7399', '172.168.2.238', 1483491832),
(201, '83242370efa92a9ca2e0a95407872d2f', '172.168.2.213', 1483491905),
(202, '3c48bdcfb128fecd2845b8173f076257', '172.168.2.145', 1483491930),
(203, '43667ce3889fc801de8ec018c9dd8dd1', '172.168.2.144', 1483492001),
(204, 'c415a8cb100c66222400ffca03f257b6', '172.168.2.138', 1483492034),
(205, 'd0cc15878f254f25b7f06f282fcc6ad4', '172.168.2.146', 1483492076),
(206, '6fcda47c99ede6d6d0463e511c2b60a5', '172.168.2.144', 1483492158),
(207, 'ac8229cb4f8398536dcf929cf5db4e18', '172.168.2.193', 1483492215),
(208, 'e803fb08456877bd612d891891f6f329', '172.168.2.238', 1483492272),
(209, '8acec03cff67ee1b4d5204e58c9040f9', '172.168.2.237', 1483492421),
(210, 'f98e5b99e60ec5d900a8fe484abbce8f', '172.168.2.133', 1483492441),
(211, '5af2e9a753d917958293806929c8d9eb', '172.168.2.237', 1483492915),
(212, '15238809f9d9c4ee20644fceedafe620', '172.168.2.145', 1483493379),
(213, 'fa126e47f454e3212cf04fce1600c39f', '172.168.2.134', 1483493791),
(214, 'a0631efcb6d61ae023200e5f5482a5cb', '172.168.2.61', 1483512694),
(215, '00dc8710e14a21beb9a3999e4c563b8e', '172.168.2.61', 1483588001),
(216, '8d91700752b8452b30ef05595a4f12ad', '172.168.2.61', 1483588001),
(217, '21097cbed0d8e1608c4f43bff77da0c1', '172.168.2.61', 1483588001),
(218, '0b1f507c3517a9160f36538a5524bceb', '172.168.2.61', 1483588228),
(219, '45bbccfef9a6e9cf1a9130d80856e977', '::1', 1494255746),
(220, '628c12c89c5563e34425f8628b4108dd', '::1', 1494257340),
(221, '808d568fef9b0c4a5901815c2c6a23dd', '172.168.2.61', 1494288538),
(222, '1128e54c8585bb42f11630c7851490e0', '172.168.3.155', 1494294483),
(223, '4d6b42ca23c43ff7f88efe330959ade0', '172.168.3.161', 1494295814);

-- --------------------------------------------------------

--
-- Structure de la table `tbdanhmuc`
--

CREATE TABLE `tbdanhmuc` (
  `danhmuc_id` int(11) UNSIGNED NOT NULL,
  `nhomdanhmuc_id` int(11) UNSIGNED DEFAULT NULL,
  `danhmuc_tieude` varchar(150) COLLATE utf8_unicode_ci DEFAULT NULL,
  `danhmuc_parent` int(11) DEFAULT NULL,
  `danhmuc_title` varchar(250) COLLATE utf8_unicode_ci DEFAULT NULL,
  `danhmuc_keyword` varchar(250) COLLATE utf8_unicode_ci DEFAULT NULL,
  `danhmuc_des` varchar(400) COLLATE utf8_unicode_ci DEFAULT NULL,
  `danhmuc_ngaytao` datetime DEFAULT NULL,
  `danhmuc_trangthai` tinyint(1) DEFAULT NULL,
  `danhmuc_thutu` int(11) DEFAULT NULL
) ENGINE=InnoDB DEFAULT CHARSET=utf8 COLLATE=utf8_unicode_ci;

--
-- Contenu de la table `tbdanhmuc`
--

INSERT INTO `tbdanhmuc` (`danhmuc_id`, `nhomdanhmuc_id`, `danhmuc_tieude`, `danhmuc_parent`, `danhmuc_title`, `danhmuc_keyword`, `danhmuc_des`, `danhmuc_ngaytao`, `danhmuc_trangthai`, `danhmuc_thutu`) VALUES
(19, 1, 'Quản lý thành viên', 0, NULL, NULL, NULL, NULL, 1, 1),
(21, 1, 'Thành viên', 19, NULL, NULL, NULL, NULL, 1, 1),
(22, 3, 'Nhóm thành viên', 19, NULL, NULL, NULL, NULL, 1, 2),
(27, 99, 'Menu', 28, NULL, NULL, NULL, NULL, 1, 2),
(28, 21, 'Cấu hình website', 0, NULL, NULL, NULL, NULL, 1, 99),
(29, 5, 'Ngân hàng câu hỏi', 0, NULL, NULL, NULL, NULL, 1, 2),
(30, 11, 'Kiểm tra', 0, NULL, NULL, NULL, NULL, 1, 3),
(32, 5, 'Câu hỏi', 29, NULL, NULL, NULL, NULL, 1, 1),
(33, 7, 'Chủ đề', 29, NULL, NULL, NULL, NULL, 1, 2),
(34, 9, 'Mức độ câu hỏi', 29, NULL, NULL, NULL, NULL, 1, 5),
(35, 11, 'Bài kiểm tra', 30, NULL, NULL, NULL, NULL, 1, 1),
(36, 13, 'Thang điểm', 30, NULL, NULL, NULL, NULL, 1, 2),
(39, 101, 'Chuyển sang trang người dùng', 0, NULL, NULL, NULL, NULL, 1, 100),
(41, 19, 'Báo cáo kết quả kiểm tra', 0, NULL, NULL, NULL, NULL, 1, 5),
(42, 21, 'Cài đặt chung', 28, NULL, NULL, NULL, NULL, 1, 1),
(46, 108, 'Phòng thi', 29, NULL, NULL, NULL, NULL, 1, 3);

-- --------------------------------------------------------

--
-- Structure de la table `tbdanhmuc_vitri`
--

CREATE TABLE `tbdanhmuc_vitri` (
  `danhmuc_id` int(11) UNSIGNED NOT NULL,
  `vitri_id` int(11) UNSIGNED NOT NULL
) ENGINE=InnoDB DEFAULT CHARSET=utf8 COLLATE=utf8_unicode_ci;

--
-- Contenu de la table `tbdanhmuc_vitri`
--

INSERT INTO `tbdanhmuc_vitri` (`danhmuc_id`, `vitri_id`) VALUES
(19, 1),
(21, 1),
(22, 1),
(27, 1),
(28, 1),
(29, 1),
(30, 1),
(32, 1),
(33, 1),
(34, 1),
(35, 1),
(36, 1),
(39, 1),
(41, 1),
(42, 1),
(46, 1);

-- --------------------------------------------------------

--
-- Structure de la table `tbdapan`
--

CREATE TABLE `tbdapan` (
  `dapan_id` int(10) UNSIGNED NOT NULL,
  `cauhoi_id` int(10) UNSIGNED DEFAULT NULL,
  `dapan_tieude` text COLLATE utf8_unicode_ci,
  `dapan_dung` tinyint(1) DEFAULT NULL,
  `dapan_trangthai` tinyint(1) DEFAULT NULL
) ENGINE=InnoDB DEFAULT CHARSET=utf8 COLLATE=utf8_unicode_ci;

--
-- Contenu de la table `tbdapan`
--

INSERT INTO `tbdapan` (`dapan_id`, `cauhoi_id`, `dapan_tieude`, `dapan_dung`, `dapan_trangthai`) VALUES
(1089, 273, 'Personal Computer', 1, 1),
(1090, 273, 'Performance Computer', 0, 1),
(1091, 273, 'Personnal Connector', 0, 1),
(1092, 273, 'Pocket Computer', 0, 1),
(1093, 274, 'Màn hình, ổ cứng', 0, 1),
(1094, 274, 'Màn hình, máy in, loa, tai nghe', 1, 1),
(1095, 274, 'Máy in, ổ mềm', 0, 1),
(1096, 274, 'Ổ USB, Webcam', 0, 1),
(1097, 275, 'Ở cách nhau một khoảng cách lớn', 0, 1),
(1098, 275, 'Cùng một hệ điều hành', 0, 1),
(1099, 275, 'Ở gần nhau', 1, 1),
(1100, 275, 'Ở xa nhau', 0, 1),
(1101, 276, 'Cài phần mềm diệt virus', 0, 1),
(1102, 276, 'Ngắt nguồn điện', 0, 1),
(1103, 276, 'Giới hạn quyền truy cập với người dùng bằng tên và mật khẩu truy cập', 1, 1),
(1104, 276, 'Ngắt USB', 0, 1),
(1105, 277, 'Cấu tạo của máy tính về mặt vật lý', 1, 1),
(1106, 277, 'Cấu tạo của phần mềm về mặt logic', 0, 1),
(1107, 277, 'Cấu tạo của phần mềm về mặt vật lý', 0, 1),
(1108, 277, 'Không phải mục nào trong 3 mục trên', 0, 1),
(1109, 278, 'Làm việc trong nhà', 0, 1),
(1110, 278, 'Ảnh hưởng thị lực', 0, 1),
(1111, 278, 'Ảnh hưởng cột sống', 0, 1),
(1112, 278, 'Tiếp xúc với độc hại', 1, 1),
(1113, 279, 'Cùng một hệ điều hành', 0, 1),
(1114, 279, 'Ở gần nhau', 1, 1),
(1115, 279, 'Ở cách nhau một khoảng cách lớn', 0, 1),
(1116, 279, 'Ở xa nhau', 0, 1),
(1117, 280, 'password', 0, 1),
(1118, 280, '123456', 0, 1),
(1119, 280, 'p@ssWord123', 1, 1),
(1120, 280, 'matkhau', 0, 1),
(1121, 281, 'Điện thoại di động, máy tính bảng', 1, 1),
(1122, 281, 'Máy tính xách tay, máy tính cá nhân', 0, 1),
(1123, 281, 'Điện thoại di động, Máy tính cá nhân', 0, 1),
(1124, 281, 'Máy tính để bàn', 0, 1),
(1125, 282, 'Cổng LPT, cổng PS2 chân xanh', 0, 1),
(1126, 282, 'Cổng USB, cổng LPT, cổng mạng', 1, 1),
(1127, 282, 'Cổng LPT, cổng PS2 chân tím', 0, 1),
(1128, 282, 'Không phải mục nào trong 3 mục trên', 0, 1),
(1129, 283, 'Chỉ nhận và xử lý các thông tin được máy khác gửi tới', 0, 1),
(1130, 283, 'Chỉ nhận được các thông tin cho máy khác', 0, 1),
(1131, 283, 'Đều nhận và gửi được các thông tin cho nhau', 1, 1),
(1132, 283, 'Không phải mục nào trong 3 mục trên', 0, 1),
(1133, 284, 'Chọn một mật khẩu có ít hơn 6 mẫu tự', 0, 1),
(1134, 284, 'Mật khẩu phải giống lý lịch người sử dụng (ngày tháng năm sinh)', 0, 1),
(1135, 284, 'Mật khẩu nên là số dễ nhớ phòng khi quên', 0, 1),
(1136, 284, 'Mật khẩu cần bao gồm số, chữ cái và ký tự đặc biệt', 1, 1),
(1137, 285, 'Bàn phím, máy ghi hình trực tiếp, chuột, máy quét ảnh (scanner)', 1, 1),
(1138, 285, 'Loa mic, màn hình, bàn phím', 0, 1),
(1139, 285, 'Máy quét (scanner), máy tính bảng', 0, 1),
(1140, 285, 'Máy ảnh, màn hình', 0, 1),
(1141, 286, 'Đĩa cứng', 0, 1),
(1142, 286, 'Hệ điều hành', 1, 1),
(1143, 286, 'Chuột máy tinh', 0, 1),
(1144, 286, 'USB', 0, 1),
(1145, 287, 'Kết nối máy tính cho các khu vực địa lý cách xa nhau', 0, 1),
(1146, 287, 'Kết nối bằng viễn thông và vệ tinh', 0, 1),
(1147, 287, 'Chia sẻ tài nguyên (máy tin, máy quét,…)', 1, 1),
(1148, 287, 'Không phải mục nào trong 3 mục trên', 0, 1),
(1149, 288, 'Điểm truy cập không dây', 0, 1),
(1150, 288, 'Router', 0, 1),
(1151, 288, 'Tường lửa', 1, 1),
(1152, 288, 'Giắc cắm mạng', 0, 1),
(1153, 289, 'Máy quét', 1, 1),
(1154, 289, 'Máy in', 0, 1),
(1155, 289, 'Cả hai', 0, 1),
(1156, 289, 'Không phải mục nào trong 3 mục trên', 0, 1),
(1157, 290, 'Tất cả các thiết bị mà ta có thể nhìn, sờ thấy được của máy tính', 0, 1),
(1158, 290, 'Tất cả các chương trình đang có trong máy tính', 1, 1),
(1159, 290, 'Chương trình nằm trong ổ đĩa mềm của máy tính', 0, 1),
(1160, 290, 'Không phải mục nào trong 3 mục trên', 0, 1),
(1161, 291, 'Mạng Bus, Star, Ring', 0, 1),
(1162, 291, 'Mạng bình đẳng (Peer to Peer), mạng khách chủ (Client\\ Server)', 0, 1),
(1163, 291, 'Mạng LAN, WAN', 1, 1),
(1164, 291, 'Không phải mục nào trong 3 mục trên', 0, 1),
(1165, 292, 'Virus sinh học lây lan qua việc sử dụng chung bàn phím', 0, 1),
(1166, 292, 'Chương trình máy tính mô tả hoạt động của virus', 0, 1),
(1167, 292, 'Chương trình máy tính có khả năng tự lây lan nhằm phá hoại hoặc lấy cắp thông tin', 0, 1),
(1168, 292, 'B và C', 1, 1),
(1169, 293, 'Tắt máy tính', 1, 1),
(1170, 293, 'Khởi động lại máy tính', 0, 1),
(1171, 293, 'Tắt màn hình', 0, 1),
(1172, 293, 'Đặt máy tính vào chế độ ngủ', 0, 1),
(1173, 294, 'Device Manager', 0, 1),
(1174, 294, 'Display', 1, 1),
(1175, 294, 'Taskbar and Start Menu', 0, 1),
(1176, 294, 'Task Manager', 0, 1),
(1177, 295, 'Trong một thư mục có thể chứa các file và thư mục con khác', 0, 1),
(1178, 295, 'Trong một file có thể không chứa thông tin', 0, 1),
(1179, 295, 'Trong một file có thể chứa các file và thư mục con khác', 1, 1),
(1180, 295, 'Trong một thư mục có thể không chứa thông tin', 0, 1),
(1181, 296, 'Có thể biết được một tệp tin trên đĩa CD-ROM có kích thước bao nhiêu Byte', 0, 1),
(1182, 296, 'Thư mục có thể chứa thư mục con và tệp tin', 0, 1),
(1183, 296, 'Có thể lấy lại dữ liệu sau khi xóa bằng nhấn tổ hợp phím Shift+Delete', 1, 1),
(1184, 296, 'Vẫn có khả năng phục hồi sau khi xoá một file trong máy tính', 0, 1),
(1185, 297, 'Giữ phím Ctrl và nháy chuột vào từng mục muốn chọn trong danh sách', 0, 1),
(1186, 297, 'Giữ phím Alt và nháy chuột vào từng mục muốn chọn trong danh sách', 0, 1),
(1187, 297, 'Nháy chuột ở mục đầu, ấn và giữ Shift nháy chuột ở mục cuối', 1, 1),
(1188, 297, 'Giữ phím Tab và nháy chuột vào từng mục muốn chọn trong danh sách', 0, 1),
(1189, 298, 'Chọn Add/Remove Hardware sau đó chọn biểu tượng máy in cần gỡ bỏ', 1, 1),
(1190, 298, 'Xóa biểu tượng máy in cần gỡ bỏ trong cửa sổ Printers and Faxes', 0, 1),
(1191, 298, 'Chọn Device Manager sau đó chọn biểu tượng máy in cần gỡ bỏ', 0, 1),
(1192, 298, 'Mở Task Manager', 0, 1),
(1193, 299, 'Microsoft Office   ', 0, 1),
(1194, 299, 'Accessories', 0, 1),
(1195, 299, 'Control Panel   ', 0, 1),
(1196, 299, 'Windows Explorer', 1, 1),
(1197, 300, 'Delete', 0, 1),
(1198, 300, 'Redo', 0, 1),
(1199, 300, 'Restore', 1, 1),
(1200, 300, 'Delete all', 0, 1),
(1201, 301, 'Control Windows   ', 0, 1),
(1202, 301, 'Control Panel', 1, 1),
(1203, 301, 'Control System   ', 0, 1),
(1204, 301, 'Control Desktop', 0, 1),
(1205, 302, 'Mở My Computer và xóa thư mục chứa chương trình', 0, 1),
(1206, 302, 'Chọn Add/Remove Programs trong Control Panel', 1, 1),
(1207, 302, 'Xóa biểu tượng chương trình trong menu Start', 0, 1),
(1208, 302, 'Cả A và C', 0, 1),
(1209, 303, 'Các đồ thị', 0, 1),
(1210, 303, 'Các phần mềm', 0, 1),
(1211, 303, 'Các thư mục', 1, 1),
(1212, 303, 'Các gói tệp tin', 0, 1),
(1213, 304, 'Giữ phím Ctrl và kích chuột phải, chọn Delete', 0, 1),
(1214, 304, 'Giữ phím Alt và kích chuột phải, chọn Delete', 0, 1),
(1215, 304, 'Giữ phím Shift và kích chuột phải, chọn Delete', 1, 1),
(1216, 304, 'Giữ đồng thời phím Ctrl và phím Alt, kích chuột phải, chọn Delete', 0, 1),
(1217, 305, 'Kích chuột phải trên biểu tượng USB ở góc phải màn hình, chọn thiết bị cần gỡ bỏ', 1, 1),
(1218, 305, 'Đóng tất cả các chương trình đang chạy', 0, 1),
(1219, 305, 'Khởi động lại HĐH Windows', 0, 1),
(1220, 305, 'A và B', 0, 1),
(1221, 306, 'Windows Explorer', 0, 1),
(1222, 306, 'Plug and Play', 1, 1),
(1223, 306, 'Desktop', 0, 1),
(1224, 306, 'Active Windows', 0, 1),
(1225, 307, 'Chia sẻ tài nguyên', 1, 1),
(1226, 307, 'Nhãn hiệu của một thiết bị kết nối mạng', 0, 1),
(1227, 307, 'Thực hiện lệnh in trong mạng cục bộ', 0, 1),
(1228, 307, 'Một phần mềm hỗ trợ sử dụng mạng cục bộ', 0, 1),
(1229, 308, 'Có thể được phục hồi khi mở Recycle Bin', 0, 1),
(1230, 308, 'Có thể được phục hồi khi mở My Documents', 0, 1),
(1231, 308, 'Không thể phục hồi được nữa', 0, 1),
(1232, 308, 'Có khả năng phục hồi (không chắc chắn) nhưng phải dùng phần mềm chuyên dụng', 1, 1),
(1233, 309, 'Hệ điều hành', 1, 1),
(1234, 309, 'Phần mềm gõ tiếng Việt', 0, 1),
(1235, 309, 'Phần mềm Micrsoft Office', 0, 1),
(1236, 309, 'Phần mềm duyệt web', 0, 1),
(1237, 310, 'Control Panel - System', 0, 1),
(1238, 310, 'Control Panel - Date and Time', 1, 1),
(1239, 310, 'Control Panel - Display', 0, 1),
(1240, 310, 'Control Panel – Devices', 0, 1),
(1241, 311, 'Quy định kích thước file', 0, 1),
(1242, 311, 'Quy định thuộc tính file', 0, 1),
(1243, 311, 'Quy định kiểu file', 1, 1),
(1244, 311, 'Quy định vị trí file', 0, 1),
(1245, 312, 'Thư mục bị đưa vào thùng rác', 0, 1),
(1246, 312, 'Phục hồi thư mục từ trong thùng rác', 0, 1),
(1247, 312, 'Thư mục bị xoá vĩnh viễn khỏi máy', 1, 1),
(1248, 312, 'Thư mục được giấu đi (Hidden)', 0, 1),
(1249, 313, '*.docx', 1, 1),
(1250, 313, '*.docxx', 0, 1),
(1251, 313, '*.txtx', 0, 1),
(1252, 313, '*.doc', 0, 1),
(1253, 314, 'Draft', 0, 1),
(1254, 314, 'Read Mode', 1, 1),
(1255, 314, 'Outline', 0, 1),
(1256, 314, 'Webpage', 0, 1),
(1257, 315, 'Kết thúc việc tìm kiếm', 0, 1),
(1258, 315, 'Hiển thị tất cả các kết quả tìm kiếm', 0, 1),
(1259, 315, 'Chuyển tới kết quả tìm kiếm tiếp theo', 1, 1),
(1260, 315, 'Tìm kiếm mới', 0, 1),
(1261, 316, 'Để văn bản được căn lề đều hai bên', 0, 1),
(1262, 316, 'Để văn bản không phải đặt Tab', 0, 1),
(1263, 316, 'Để văn bản mang tính liệt kê chính xách', 1, 1),
(1264, 316, 'Để văn bản có thể in được', 0, 1),
(1265, 317, 'Mở một file đã có', 1, 1),
(1266, 317, 'Mở một file mới', 0, 1),
(1267, 317, 'Đóng file đang mở', 0, 1),
(1268, 317, 'Thoát file đang mở', 0, 1),
(1269, 318, 'Read Mode', 0, 1),
(1270, 318, 'Outline', 0, 1),
(1271, 318, 'Draft', 1, 1),
(1272, 318, 'Webpage', 0, 1),
(1273, 319, 'Thay thế tất cả các từ/ cụm từ', 0, 1),
(1274, 319, 'Di chuyển và xóa một từ/ cụm từ', 0, 1),
(1275, 319, 'Thay thế một từ/ cụm từ', 1, 1),
(1276, 319, 'Tìm kiếm', 0, 1),
(1277, 320, 'Tab Home/ nhóm Font/ Border', 0, 1),
(1278, 320, 'Tab Page Layout/ nhóm Paragraph/ Border', 0, 1),
(1279, 320, 'Tab Home/ nhóm Paragraph/ Border', 1, 1),
(1280, 320, 'Tab Edit/ nhóm Paragraph/ Border', 0, 1),
(1281, 321, 'Ctrl + Z', 1, 1),
(1282, 321, 'Ctrl + X', 0, 1),
(1283, 321, 'Ctrl + V', 0, 1),
(1284, 321, 'Ctrl + P', 0, 1),
(1285, 322, 'Read Mode', 0, 1),
(1286, 322, 'Outline', 1, 1),
(1287, 322, 'Print Layout', 0, 1),
(1288, 322, 'View Mode', 0, 1),
(1289, 323, 'Thay thế một từ/ cụm từ', 0, 1),
(1290, 323, 'Di chuyển một từ/ cụm từ', 0, 1),
(1291, 323, 'Thay thế tất cả các từ/ cụm từ', 1, 1),
(1292, 323, 'Tìm kiếm', 0, 1),
(1293, 324, 'Tab Home/ nhóm Font/ Shading', 0, 1),
(1294, 324, 'Tab Page Layout/ nhóm Paragraph/ Shading', 0, 1),
(1295, 324, 'Tab Home/ nhóm Paragraph/ Shading', 1, 1),
(1296, 324, 'Tab Edit/ nhóm Paragraph/ Shading', 0, 1),
(1297, 325, 'docx', 1, 1),
(1298, 325, 'doc', 0, 1),
(1299, 325, 'doca', 0, 1),
(1300, 325, 'docp', 0, 1),
(1301, 326, 'Thời gian để mở file', 0, 1),
(1302, 326, 'Thời gian để lưu file tự động', 1, 1),
(1303, 326, 'Thời gian để lưu file', 0, 1),
(1304, 326, 'Thời gian để huỷ file', 0, 1),
(1305, 327, 'Hủy thao tác', 0, 1),
(1306, 327, 'Đóng cửa sổ đang mở', 0, 1),
(1307, 327, 'Quay lại thao tác hoặc lệnh phía trước gần nhất kết quả hiện tại', 1, 1),
(1308, 327, 'Tiếp tục thao tác', 0, 1),
(1309, 328, 'Chọn độ dày đường viền', 0, 1),
(1310, 328, 'Chọn màu cho đường viền', 0, 1),
(1311, 328, 'Tạo viền nghệ thuật', 0, 1),
(1312, 328, 'Chọn các định dạng viền trong một văn bản', 1, 1),
(1313, 329, 'File/ Close', 1, 1),
(1314, 329, 'File / Exit', 0, 1),
(1315, 329, 'File / New', 0, 1),
(1316, 329, 'File / New', 0, 1),
(1317, 330, 'Save files in this options', 0, 1),
(1318, 330, 'Save files in this format', 1, 1),
(1319, 330, 'Default File Location', 0, 1),
(1320, 330, 'A và C', 0, 1),
(1321, 331, 'Thực hiện lại một hành động', 0, 1),
(1322, 331, 'Xóa một hành động', 0, 1),
(1323, 331, 'Hủy một hành động', 1, 1),
(1324, 331, 'Thêm một hành động', 0, 1),
(1325, 332, 'Insert/ Column', 0, 1),
(1326, 332, 'View/ Column', 0, 1),
(1327, 332, 'Page Layout/ Column', 1, 1),
(1328, 332, 'Home/Column', 0, 1),
(1329, 333, 'Kích đúp chuột trái vào tên file đó', 0, 1),
(1330, 333, 'Tổ hợp phím Ctrl + O', 0, 1),
(1331, 333, 'Lệnh Open trong nút FILE', 0, 1),
(1332, 333, 'A, B và C', 1, 1),
(1333, 334, 'Set Font', 0, 1),
(1334, 334, 'Set As Default', 1, 1),
(1335, 334, 'Set Font Size', 0, 1),
(1336, 334, 'Set new', 0, 1),
(1337, 335, 'Xóa một hành động', 0, 1),
(1338, 335, 'Hủy một hành động', 0, 1),
(1339, 335, 'Thực hiện lại một hành động', 1, 1),
(1340, 335, 'Thêm hành động mới', 0, 1),
(1341, 336, 'Hướng ngang', 0, 1),
(1342, 336, 'Hướng nghiêng 45 độ', 0, 1),
(1343, 336, 'Hướng dọc', 1, 1),
(1344, 336, 'Hướng nghiêng 30 độ', 0, 1),
(1345, 337, 'Save', 1, 1),
(1346, 337, 'Open', 0, 1),
(1347, 337, 'Close', 0, 1),
(1348, 337, 'New', 0, 1),
(1349, 338, 'Chọn menu lệnh Edit - Copy ', 0, 1),
(1350, 338, 'Bấm tổ hợp phím Ctrl - C', 0, 1),
(1351, 338, 'Cả 2 câu a và b đều đúng', 1, 1),
(1352, 338, 'Cả 2 câu a và b đều sai', 0, 1),
(1353, 339, 'Ctrl + B', 0, 1),
(1354, 339, 'Ctrl + Shitf + ]', 0, 1),
(1355, 339, 'Ctrl + ]', 1, 1),
(1356, 339, 'Ctrl + [', 0, 1),
(1357, 340, 'Hướng ngang', 0, 1),
(1358, 340, 'Hướng nghiêng 45 độ', 0, 1),
(1359, 340, 'Hướng dọc', 1, 1),
(1360, 340, 'Hướng nghiêng 30 độ', 0, 1),
(1361, 341, 'Save As', 1, 1),
(1362, 341, 'Save', 0, 1),
(1363, 341, 'Close', 0, 1),
(1364, 341, 'New', 0, 1),
(1365, 342, 'Cắt một đoạn văn bản ', 0, 1),
(1366, 342, 'Cắt và sao chép một đoạn văn bản', 0, 1),
(1367, 342, 'Dán một đoạn văn bản từ Clipboard', 1, 1),
(1368, 342, 'Sao chép một đoạn văn bản', 0, 1),
(1369, 343, 'Tab Home/ nhóm Font/ Decreese Font Size', 0, 1),
(1370, 343, 'Tab Home/ nhóm Font/ Increase Font Size', 0, 1),
(1371, 343, 'Tab Home/ nhóm Font/ Change Case', 1, 1),
(1372, 343, 'Tab Home/ nhóm Font/ Character', 0, 1),
(1373, 344, '$12$A', 1, 1),
(1374, 344, '$A$12', 0, 1),
(1375, 344, 'A$12', 0, 1),
(1376, 344, '$A12', 0, 1),
(1377, 345, '=ranks(number,ref,[order])', 0, 1),
(1378, 345, '=rank(number,ref,[order])', 1, 1),
(1379, 345, '=ranke(number,ref,[order])', 0, 1),
(1380, 345, '=rankes(number,ref,[order])', 0, 1),
(1381, 346, '= C4 + $B$2 + E$3', 1, 1),
(1382, 346, '= C1 + $B$2 + E$3', 0, 1),
(1383, 346, '= C4 + $D$5 + E$6', 0, 1),
(1384, 346, 'Báo lỗi', 0, 1),
(1385, 347, 'Format > Sheet > Move, chọn đúng đến vị trí mong muốn', 0, 1),
(1386, 347, 'Chọn Tools > Sheet > Move, và chọn đúng đến vị trí mong muốn', 0, 1),
(1387, 347, 'Chọn Sheet2 và kéo đến vị trí mong muốn', 1, 1),
(1388, 347, 'Chọn Data > Sheet > Move, và chọn đúng đến vị trí mong muốn', 0, 1),
(1389, 348, '$A$12', 1, 1),
(1390, 348, '$12$A', 0, 1),
(1391, 348, 'A$12$', 0, 1),
(1392, 348, 'A12$', 0, 1),
(1393, 349, '=RANK(A2,$A$2:$A$10,0)', 0, 1),
(1394, 349, '=RANK(A2,$A$2:$A$10,1)', 1, 1),
(1395, 349, '=RANK(A2,$A$2:$A$10)', 0, 1),
(1396, 349, '=RANK(A2,$A$2:$A$10,2)', 0, 1),
(1397, 350, 'Công thức sai vì trong Excel không có phép toán =>', 0, 1),
(1398, 350, 'Không được tuyển dụng', 1, 1),
(1399, 350, 'Công thức sai vì thiếu đối số trong hàm IF', 0, 1),
(1400, 350, 'Công thức sai vì chuỗi ký tự đặt sai vị trí', 0, 1),
(1401, 351, 'Normal View', 0, 1),
(1402, 351, 'Print Preview', 1, 1),
(1403, 351, 'Sheet View', 0, 1),
(1404, 351, 'Tất cả đều được hỗ trợ', 0, 1),
(1405, 352, '$A12', 1, 1),
(1406, 352, '$A$12', 0, 1),
(1407, 352, 'A12$', 0, 1),
(1408, 352, 'A12', 0, 1),
(1409, 353, '6', 0, 1),
(1410, 353, '#VALUE!', 1, 1),
(1411, 353, 'TINHOC', 0, 1),
(1412, 354, '="VU LOC" + "AN"', 0, 1),
(1413, 354, '="VU LOC" & "AN"', 1, 1),
(1414, 354, 'Không ghép được', 0, 1),
(1415, 354, '="VU LOC" . "AN"', 0, 1),
(1416, 355, 'mm-dd-yy', 0, 1),
(1417, 355, 'mmm-dd-yy', 0, 1),
(1418, 355, 'mmm-dd-yyyy', 1, 1),
(1419, 355, 'm-d-y', 0, 1),
(1420, 356, 'F4', 1, 1),
(1421, 356, 'F3', 0, 1),
(1422, 356, 'F2', 0, 1),
(1423, 356, 'F5', 0, 1),
(1424, 357, 'TIN HOC VAN PHONG', 0, 1),
(1425, 357, 'tin hoc van phong', 1, 1),
(1426, 357, 'Tin Hoc Van Phong', 0, 1),
(1427, 357, 'Tin hoc van phong', 0, 1),
(1428, 358, 'Số ngày trong tháng của biến ngày tháng date', 0, 1),
(1429, 358, 'Ngày tháng hiện tại của hệ thống', 1, 1),
(1430, 358, 'Số tháng trong năm của biến ngày tháng date', 0, 1),
(1431, 358, 'Ngày tháng hiện tại của Mỹ', 0, 1),
(1432, 359, '300', 0, 1),
(1433, 359, '1', 0, 1),
(1434, 359, '1000', 1, 1),
(1435, 359, '8', 0, 1),
(1436, 360, 'Ctrl+O', 1, 1),
(1437, 360, 'Ctrl + M', 0, 1),
(1438, 360, 'Ctrl+N', 0, 1),
(1439, 360, 'Ctrl+G', 0, 1),
(1440, 361, 'Tin Hoc Van Phong', 0, 1),
(1441, 361, 'TIN HOC VAN PHONG', 1, 1),
(1442, 361, 'TINHOCVANPHONG', 0, 1),
(1443, 361, 'Tin hoc van phong', 0, 1),
(1444, 362, '100', 0, 1),
(1445, 362, '90', 1, 1),
(1446, 362, '-90', 0, 1),
(1447, 362, '#ERROR', 0, 1),
(1448, 363, 'Dau', 1, 1),
(1449, 363, 'Truot', 0, 1),
(1450, 363, '#NAME?', 0, 1),
(1451, 363, '#ERROR', 0, 1),
(1452, 364, 'Ctrl+N', 1, 1),
(1453, 364, 'Ctrl + O', 0, 1),
(1454, 364, 'Ctrl + M', 0, 1),
(1455, 364, 'Ctrl+G', 0, 1),
(1456, 365, '1', 0, 1),
(1457, 365, '10', 1, 1),
(1458, 365, '#ERROR', 0, 1),
(1459, 366, '5', 0, 1),
(1460, 366, '#NAME!', 1, 1),
(1461, 366, '#ERROR', 0, 1),
(1462, 367, 'Gioi', 0, 1),
(1463, 367, 'Kha', 0, 1),
(1464, 367, 'TB', 1, 1),
(1465, 367, '#ERROR', 0, 1),
(1466, 368, 'Ctrl+F4', 0, 1),
(1467, 368, 'Alt+F4', 0, 1),
(1468, 368, 'Shift+F4', 0, 1),
(1469, 368, 'A và B', 1, 1),
(1470, 369, '3', 0, 1),
(1471, 369, '#NAME!', 0, 1),
(1472, 369, '#ERROR', 1, 1),
(1473, 370, 'Hàng chứa ô đó có độ cao quá thấp nên không hiển thị hết chữ số', 0, 1),
(1474, 370, 'Cột chứa ô đó có độ rộng quá hẹp nên không hiển thị hết chữ số', 1, 1),
(1475, 370, 'Chương trình bảng tính bị nhiễm virus', 0, 1),
(1476, 370, 'Công thức bị lỗi', 0, 1),
(1477, 371, '-1', 0, 1),
(1478, 371, '0.5', 0, 1),
(1479, 371, '1', 1, 1),
(1480, 371, '#NAME!', 0, 1),
(1481, 372, 'Alt+F4', 1, 1),
(1482, 372, 'Ctrl+F4', 0, 1),
(1483, 372, 'Shift+F4', 0, 1),
(1484, 372, 'A và B', 0, 1),
(1485, 373, '4', 0, 1),
(1486, 373, '5', 1, 1),
(1487, 373, '8', 0, 1),
(1488, 373, '#NAME!', 0, 1),
(1489, 374, 'File/ New/ Blank Presentation/Create', 1, 1),
(1490, 374, 'Insert/New Slide/Create', 0, 1),
(1491, 374, 'File/New Presentation/Create', 0, 1),
(1492, 374, 'Edit/New Presentation/Create', 0, 1),
(1493, 375, 'Kích chuột trái tại Slide hiện hành/ chọn Go to Slide', 0, 1),
(1494, 375, 'Kích chuột phải tại Slide hiện hành/ chọn Go to Slide', 1, 1),
(1495, 375, 'Kích đúp chuột phải tại Slide hiện hành/ chọn Go to Slide', 0, 1),
(1496, 375, 'Kích chuột phải tại Slide hiện hành', 0, 1),
(1497, 376, 'Quick Toolbar Access', 0, 1),
(1498, 376, 'Access Quick Toolbar', 0, 1),
(1499, 376, 'Quick Access Toolbar', 1, 1),
(1500, 376, 'Toolbar Access Quick', 0, 1),
(1501, 377, 'Nhấn tổ hợp phím Shift + F9', 0, 1),
(1502, 377, 'Vào View chọn Gridlines', 0, 1),
(1503, 377, 'A và B', 1, 1),
(1504, 377, 'Vào File chọn Gridlines', 0, 1),
(1505, 378, 'File/Save', 1, 1),
(1506, 378, 'File/Open', 0, 1),
(1507, 378, 'File/Close', 0, 1),
(1508, 378, 'File/Exit', 0, 1),
(1509, 379, 'View/ From Beginning', 0, 1),
(1510, 379, 'Slide Show/ From Beginning', 1, 1),
(1511, 379, 'Insert/ From Beginning', 0, 1),
(1512, 379, 'File/ From Beginning', 0, 1),
(1513, 380, 'Chèn video vào Slide', 0, 1),
(1514, 380, 'Chèn hình ảnh từ vị trí bất kỳ trong máy vào Slide', 0, 1),
(1515, 380, 'Chụp ảnh màn hình để chèn vào Slide', 1, 1),
(1516, 380, 'Chèn hình ảnh từ máy Scan', 0, 1),
(1517, 381, 'Một Document', 0, 1),
(1518, 381, 'Một Slide', 1, 1),
(1519, 381, 'Một File', 0, 1),
(1520, 381, 'Tất cả các câu trên đều sai.', 0, 1),
(1521, 382, 'View/Slide master', 1, 1),
(1522, 382, 'View/Notes Page', 0, 1),
(1523, 382, 'View/Normal', 0, 1),
(1524, 382, 'View/Handout Master', 0, 1),
(1525, 383, 'Insert/ chọn hiệu ứng', 0, 1),
(1526, 383, 'Animation/ chọn hiệu ứng', 1, 1),
(1527, 383, 'File/ chọn hiệu ứng', 0, 1),
(1528, 383, 'Design/ chọn hiệu ứng', 0, 1),
(1529, 384, 'Giữ phím Ctrl và bấm chuột phải', 0, 1),
(1530, 384, 'Giữ phím Alt và bấm chuột trái', 0, 1),
(1531, 384, 'Giữ phím Ctrl và bấm chuột trái', 1, 1),
(1532, 384, 'Giữ phím Shift và bấm chuột phải', 0, 1),
(1533, 385, 'Để thay đổi màu nền cho các slide', 0, 1),
(1534, 385, 'Để thay đổi hình nền cho các slide', 0, 1),
(1535, 385, 'Để thay đổi giao diện cho các Slide', 1, 1),
(1536, 385, 'Để thay đổi tiêu đề cho các Slide', 0, 1),
(1537, 386, 'Home/Layout', 1, 1),
(1538, 386, 'Format /Slide Design', 0, 1),
(1539, 386, 'Insert/New Slide', 0, 1),
(1540, 386, 'Transitions/Timing', 0, 1),
(1541, 387, 'Animations/ Entrance', 0, 1),
(1542, 387, 'Animations/ Motion Path', 1, 1),
(1543, 387, 'Animations/ Emphasis', 0, 1),
(1544, 387, 'Animations/ Timing', 0, 1),
(1545, 388, 'Nhấn nút Close', 0, 1),
(1546, 388, 'Nhấn tổ hợp phím Alt + F4', 0, 1),
(1547, 388, 'Vào File/ Exit', 0, 1),
(1548, 388, 'Tất cả các mục trên', 1, 1),
(1549, 389, '10', 0, 1),
(1550, 389, '11', 0, 1),
(1551, 389, '9', 1, 1),
(1552, 389, '8', 0, 1),
(1553, 390, 'Title Slide', 1, 1),
(1554, 390, 'Title and Text', 0, 1),
(1555, 390, 'Title and Content', 0, 1),
(1556, 390, 'Blank', 0, 1),
(1557, 391, 'Định dạng hiệu ứng lật trang', 0, 1),
(1558, 391, 'Định dạng giao diện của slide', 1, 1),
(1559, 391, 'Định đạng hiệu ứng cho các đối tượng trên slide', 0, 1),
(1560, 391, 'Định dạng thời gian chạy của slide', 0, 1),
(1561, 392, 'File / Save As/ Save As Type/ PowerPoint Presentation', 0, 1),
(1562, 392, 'File / Save As/ Save As Type/ PDF', 0, 1),
(1563, 392, 'File / Save As/ Save As Type/ Windows Media Video', 1, 1),
(1564, 392, 'File / Save As/ Save As Type/ JPEG', 0, 1),
(1565, 393, '6', 1, 1),
(1566, 393, '7', 0, 1),
(1567, 393, '9', 0, 1),
(1568, 393, '5', 0, 1),
(1569, 394, 'Home/Layout/Title and Content', 1, 1),
(1570, 394, 'Home/Layout/Title Slide', 0, 1),
(1571, 394, 'Home/Slide Design', 0, 1),
(1572, 394, 'Home/Layout/Blank', 0, 1),
(1573, 395, 'Định dạng kiểu lật trang cho các slide', 0, 1),
(1574, 395, 'Định dạng hiệu ứng cho các đối tượng trên slide', 1, 1),
(1575, 395, 'Định dạng giao diện cho slide', 0, 1),
(1576, 395, 'Định dạng kiểu chữ cho các slide', 0, 1),
(1577, 396, 'Để quy định khoảng cách giữa các dòng', 0, 1),
(1578, 396, 'Để quy định khoảng cách giữa các đoạn', 0, 1),
(1579, 396, 'Để quy định khoảng cách giữa các dòng, đoạn', 1, 1),
(1580, 396, 'Để quy định thời gian xuất hiện', 0, 1),
(1581, 397, '2', 0, 1),
(1582, 397, '4', 0, 1),
(1583, 397, '3', 1, 1),
(1584, 397, '5', 0, 1),
(1585, 398, 'Kích chọn vào 1 Slide , giữ phím Ctrt và thực hiện việc kích chọn các Slide tiếp theo', 1, 1),
(1586, 398, 'Kích chọn vào 1 Slide cần chọn, giữ phím Alt và thực hiện việc kích chọn các Slide tiếp theo', 0, 1),
(1587, 398, 'Kích chọn vào 1 Slide cần chọn, giữ phím Shift và thực hiện việc kích chọn các Slide tiếp theo', 0, 1),
(1588, 398, 'Kích chọn vào 1 Slide cần chọn, giữ phím Lá cờ Windows và thực hiện việc kích chọn các Slide tiếp theo', 0, 1),
(1589, 399, 'Trong chương trình MS PowerPoint, chúng ta chỉ có thể click chuột để chuyển đổi cho các hiệu ứng lật trang hay các hiệu ứng của các đối tượng', 0, 1),
(1590, 399, 'Trong chương trình MS PowerPoint, chúng ta có thể thiết lập thời gian chờ, âm thanh cho các hiệu ứng lật trang hay các hiệu ứng của các đối tượng', 1, 1),
(1591, 399, 'Trong chương trình MS PowerPoint, chúng ta chỉ có thể thay đổi theme một lần.', 0, 1),
(1592, 399, 'Tất cả đều đúng', 0, 1),
(1593, 400, 'Vào File/Save / Protect Presentation / Encrypt with Password.', 0, 1),
(1594, 400, 'Vào Home / Info / Protect Presentation / Encrypt with Password.', 0, 1),
(1595, 400, 'Vào File/ Info/ Protect Presentation/ Encrypt with Password.', 1, 1),
(1596, 400, 'Vào Insert / Info / Protect Presentation / Encrypt with Password', 0, 1),
(1597, 401, 'Subtle', 0, 1),
(1598, 401, 'Dynamic Content', 0, 1),
(1599, 401, 'Exciting', 1, 1),
(1600, 401, 'Free', 0, 1),
(1601, 402, 'Kích chuột phải vào Slide/Duplicate Slide', 1, 1),
(1602, 402, 'Kích chuột phải vào Slide/New Slide', 0, 1),
(1603, 402, 'Kích chuột phải vào Slide/Delete Slide', 0, 1),
(1604, 402, 'Kích chuột phải vào Slide/Double Slide', 0, 1),
(1605, 403, 'Transition/ Cut', 0, 1),
(1606, 403, 'Transition/ None', 1, 1),
(1607, 403, 'Transition/ Fade', 0, 1),
(1608, 403, 'Transition/ Clock', 0, 1),
(1609, 404, 'Ctrl + F2', 0, 1),
(1610, 404, 'Ctrl + F3', 0, 1),
(1611, 404, 'Shift + F3', 1, 1),
(1612, 404, 'Shift + F2', 0, 1),
(1613, 405, 'Exciting', 0, 1),
(1614, 405, 'Subtle', 0, 1),
(1615, 405, 'Dynamic Content', 1, 1),
(1616, 405, 'Free', 0, 1),
(1617, 406, 'Kích chuột phải vào Slide muốn xóa/Delete Slide', 1, 1),
(1618, 406, 'Kích chuột phải vào Slide muốn xóa/New Slide', 0, 1),
(1619, 406, 'Kích chuột phải vào Slide muốn xóa/Duplicate Slide', 0, 1),
(1620, 406, 'Kích chuột phải vào Slide muốn xóa/Copy Slide', 0, 1),
(1621, 407, 'ppts', 0, 1),
(1622, 407, 'pptx', 1, 1),
(1623, 407, 'ppt', 0, 1),
(1624, 407, 'doc', 0, 1),
(1625, 408, 'Ctrl + O', 0, 1),
(1626, 408, 'Ctrl + N', 0, 1),
(1627, 408, 'Ctrl + P', 1, 1),
(1628, 408, 'Ctrl + A', 0, 1),
(1629, 409, 'Exciting', 0, 1),
(1630, 409, 'Dynamic Content', 0, 1),
(1631, 409, 'Subtle', 1, 1),
(1632, 409, 'Free', 0, 1),
(1633, 410, 'Kích chuột phải vào Slide/Copy', 1, 1),
(1634, 410, 'Kích chuột phải vào Slide/Cut', 0, 1),
(1635, 410, 'Kích chuột phải vào Slide/Paste', 0, 1),
(1636, 410, 'Kích chuột phải vào Slide/Add section', 0, 1),
(1637, 411, 'A.      Insert + Bullets and Numbering', 0, 1),
(1638, 411, 'A.      Insert + Slide Number', 1, 1),
(1639, 411, 'A.      Format + Bullets and Numbering', 0, 1),
(1640, 411, 'Các câu trên đều sai', 0, 1),
(1641, 412, 'Ctrl + O', 0, 1),
(1642, 412, 'Ctrl + N', 0, 1),
(1643, 412, 'Ctrl + M', 1, 1),
(1644, 412, 'Ctrl + A', 0, 1),
(1645, 413, '3', 0, 1),
(1646, 413, '5', 0, 1),
(1647, 413, '4', 1, 1),
(1648, 413, '6', 0, 1),
(1649, 414, 'Dán một đoạn văn bản từ Clipboard', 1, 1),
(1650, 414, 'Xóa 1 đoạn văn bản', 0, 1),
(1651, 414, 'Sao chép một đoạn văn bản', 0, 1),
(1652, 414, 'Hủy chọn một đoạn văn bản', 0, 1),
(1653, 415, 'Trong chương trình MS PowerPoint, chúng ta chỉ có thể thiết lập các tùy chọn cho một slide và không thể thiết lập cho một tập slide cùng mọt lúc', 0, 1),
(1654, 415, 'Trong chương trình MS PowerPoint, chúng ta có thể thiết lập các tùy chọn cho một slide hay một tập slide cùng mọt lúc', 1, 1),
(1655, 415, 'ng chương trình MS PowerPoint, chúng ta chỉ có thể thay đổi theme một lần', 0, 1),
(1656, 415, 'A và C', 0, 1),
(1657, 416, 'Vào Insert / Clear All Formatting', 0, 1),
(1658, 416, 'Vào View / Clear All Formatting', 0, 1),
(1659, 416, 'Vào Home / Clear All Formatting', 1, 1),
(1660, 416, 'Vào Design / Clear All Formatting', 0, 1),
(1661, 417, 'Exit, Entrance', 0, 1),
(1662, 417, 'Motion path, Exit, Entrance', 0, 1),
(1663, 417, 'Motion path, Emphasis', 0, 1),
(1664, 417, 'A và C', 1, 1),
(1665, 418, 'Sao chép một đoạn văn bản', 1, 1),
(1666, 418, 'Xóa một đoạn văn bản', 0, 1),
(1667, 418, 'Dán một đoạn văn bản từ Clipboard', 0, 1),
(1668, 418, 'Tẩy một đoạn văn bản', 0, 1),
(1669, 419, 'Tab Insert\\SmartArt\\ Picture, chọn một dạng sơ đồ tổ chức phù hợp', 0, 1),
(1670, 419, 'Tab Insert\\SmartArt\\ Hierarchy, chọn một dạng sơ đồ tổ chức phù hợp', 1, 1),
(1671, 419, 'Tab Insert\\ SmartArt, sau đó chọn sơ đồ cần chèn', 0, 1),
(1672, 419, 'Tab Insert\\Picture, sau đó chọn hình ảnh cần chèn', 0, 1),
(1673, 420, 'Vào Home / Insert WordArt', 0, 1),
(1674, 420, 'Vào Insert / Insert WordArt.', 0, 1),
(1675, 420, 'Vào Insert / WordArt.', 1, 1),
(1676, 420, 'Vào Design / Insert WordArt', 0, 1),
(1677, 421, 'Vào File / Save / Default file location...', 0, 1),
(1678, 421, 'Vào Option / Save / Default file location.', 1, 1),
(1679, 421, 'Vào File / Option / Save / Default file location.', 0, 1),
(1680, 421, 'Vào Design / Save / Default file location...', 0, 1),
(1681, 422, 'Slide Show/ Hide Slide', 1, 1),
(1682, 422, 'Edit/ Hide Slide', 0, 1),
(1683, 422, 'Format/ Hide Slide', 0, 1),
(1684, 422, 'File/ Hide Slide', 0, 1),
(1685, 423, 'View/ Slide Number', 0, 1),
(1686, 423, 'Insert/ Slide Number', 1, 1),
(1687, 423, 'Format/ Slide Number', 0, 1),
(1688, 423, 'Design / Slide Number', 0, 1),
(1689, 424, 'Vào Table / Split Cells', 0, 1),
(1690, 424, 'Nhấn chuột trái và chọn Split Cells.', 0, 1),
(1691, 424, 'Nhấn chuột phải và chọn Split Cells.', 1, 1),
(1692, 424, 'Vào File / Split Cells', 0, 1),
(1693, 425, 'Vào File / Option / General / chọn Embed font in the file...', 0, 1),
(1694, 425, 'Vào File / Option / Proofing / chọn Embed font in the file...', 0, 1),
(1695, 425, 'Vào File / Option / Save / chọn Embed font in the file...', 1, 1),
(1696, 425, 'Vào File / Option / Advanced / chọn Embed font in the file...', 0, 1),
(1697, 426, 'View/ Normal', 1, 1),
(1698, 426, 'View/ Slide Sorter', 0, 1),
(1699, 426, 'View/ Notes Page', 0, 1),
(1700, 426, 'View/ Reading View', 0, 1),
(1701, 427, 'Edit/ Table', 0, 1),
(1702, 427, 'Insert/ Table', 1, 1),
(1703, 427, 'Format/ Table', 0, 1),
(1704, 427, 'File/ Table', 0, 1),
(1705, 428, 'Chọn cột cần xóa, nhấn chuột phải và chọn Split Cells', 0, 1),
(1706, 428, 'Chọn cột cần xóa, nhấn chuột phải và chọn Merge Cells', 0, 1),
(1707, 428, 'Chọn cột cần xóa, nhấn chuột phải và chọn Delete Columns', 1, 1),
(1708, 428, 'Chọn cột cần xóa, nhấn chuột phải và chọn Merge Cells', 0, 1),
(1709, 429, '      Insert + Picture Organization Chart', 0, 1),
(1710, 429, 'Chọn Slide Organization Chart', 0, 1),
(1711, 429, 'Các câu A và B đều đúng', 1, 1),
(1712, 429, 'Các câu A và B đều sai', 0, 1),
(1713, 430, 'Kích chuột phải vào Slide/New Slide', 1, 1),
(1714, 430, 'Kích chuột phải vào Slide/Copy', 0, 1),
(1715, 430, 'Kích chuột phải vào Slide/Cut', 0, 1),
(1716, 430, 'Kích chuột phải vào Slide/Delete', 0, 1),
(1717, 431, 'Kích chuột phải tại Slide đã chọn/ Copy', 0, 1),
(1718, 431, 'Kích chuột phải tại Slide đã chọn/ Delete Slide', 1, 1),
(1719, 431, 'Kích chuột phải tại Slide đã chọn/ Paste', 0, 1),
(1720, 431, 'Kích chuột phải vào Slide/New Slide', 0, 1),
(1721, 432, 'Home + Tab', 0, 1),
(1722, 432, 'Shift + Tab', 0, 1),
(1723, 432, 'Alt + Tab', 1, 1),
(1724, 432, 'Ctrl + Tab', 0, 1),
(1725, 433, 'A.   Insert \\ Slides from Files', 1, 1),
(1726, 433, 'A.   File \\ Import', 0, 1),
(1727, 433, 'A.   Insert \\ Duplicate Slide', 0, 1),
(1728, 433, 'A.   Insert \\ New Slide', 0, 1),
(1729, 434, '2', 1, 1),
(1730, 434, '4', 0, 1),
(1731, 434, '6', 0, 1),
(1732, 434, '8', 0, 1),
(1733, 435, 'View/ Normal', 0, 1),
(1734, 435, 'View/ Slide Sorter', 1, 1),
(1735, 435, 'View/ Page Layout', 0, 1),
(1736, 435, 'View/ Reading View', 0, 1),
(1737, 436, 'CTRL + I', 0, 1),
(1738, 436, 'CTRL + U', 0, 1),
(1739, 436, 'CTRL + B', 1, 1),
(1740, 436, 'CTRL + C', 0, 1),
(1741, 437, 'A.   Insert \\ Object', 1, 1),
(1742, 437, 'A.   Insert \\ Component', 0, 1),
(1743, 437, 'A.   Insert \\ Diagram', 0, 1),
(1744, 437, 'A.   Insert \\ Equation 3.0', 0, 1),
(1745, 438, 'A.   Table \\ Insert Table', 0, 1),
(1746, 438, 'A.   Insert \\ Table', 1, 1),
(1747, 438, 'A.   Câu A và B đều sai', 0, 1),
(1748, 438, 'A.   Câu A và B đều đúng', 0, 1),
(1749, 439, 'Di chuyển về Slide trước đó', 0, 1),
(1750, 439, 'Di chuyển về Slide đầu tiên', 1, 1),
(1751, 439, 'Di chuyển về Slide tiếp theo', 0, 1),
(1752, 439, 'Di chuyển về Slide cuối cùng', 0, 1),
(1753, 440, 'Vào Home/Format', 0, 1),
(1754, 440, 'Vào Design/Page Setup', 0, 1),
(1755, 440, 'Vào Insert /Table', 1, 1),
(1756, 440, 'Vào Design/Table', 0, 1),
(1757, 441, 'World Wide Web', 1, 1),
(1758, 441, 'World Wide Wed', 0, 1),
(1759, 441, 'Word Wide Wed', 0, 1),
(1760, 441, 'Word Wide Web', 0, 1),
(1761, 442, 'Mua sắm, giao dịch thương mại', 0, 1),
(1762, 442, 'Kết bạn, nói chuyện, trao đổi thư từ, thông tin', 0, 1),
(1763, 442, 'Tìm kiếm thông tin', 0, 1),
(1764, 442, 'Tất cả đáp án trên', 1, 1),
(1765, 443, '1 chuẩn mạng cục bộ', 0, 1),
(1766, 443, 'Bộ giao thức', 0, 1),
(1767, 443, 'Trình duyệt web.', 1, 1),
(1768, 443, 'Phần mềm hệ thống', 0, 1),
(1769, 444, 'Sao chép 1 ảnh trên trang Web về máy cá nhân.', 0, 1),
(1770, 444, 'Sao chép 1 đọan nội dung trên trang Web về máy cá nhân.', 0, 1),
(1771, 444, 'Xoá nội dung bằng cách chọn đoạn nội dung và nhấn nút Delete', 1, 1),
(1772, 444, 'Tải nội dung lên thông qua nút « Tải lên » trên trang web', 0, 1),
(1773, 445, '1997', 1, 1),
(1774, 445, '1986', 0, 1),
(1775, 445, '1990', 0, 1),
(1776, 445, '1970', 0, 1),
(1777, 446, 'www.google.vnn.vn', 0, 1),
(1778, 446, 'www.google.com.vn', 1, 1),
(1779, 446, 'www.google.org.vn', 0, 1),
(1780, 446, 'www.google.edu.vn', 0, 1),
(1781, 447, 'Là trang văn bản thông thường', 0, 1),
(1782, 447, 'Là trang văn bản chứa các liên kết cơ sở dữ liệu ở bên trong nó', 0, 1),
(1783, 447, 'Là trang siêu văn bản phối hợp giữa văn bản thông thường với hình ảnh, âm thanh, video và cả các mối liên kết đến các trang siêu văn bản khác', 1, 1),
(1784, 447, 'Là trang hình ảnh được chụp lại và người dùng xem được thông qua màn hình máy tính', 0, 1),
(1785, 448, 'Card mạng', 0, 1),
(1786, 448, 'Dây cáp mạng', 0, 1),
(1787, 448, 'Switch', 0, 1),
(1788, 448, 'Máy in', 1, 1),
(1789, 449, 'Hệ thống mạng máy tính toàn cầu', 1, 1),
(1790, 449, 'Hệ thống máy tính', 0, 1),
(1791, 449, 'Hệ thống mạng máy tính', 0, 1),
(1792, 449, 'A và B', 0, 1),
(1793, 450, 'Tiền thân của Internet', 0, 1),
(1794, 450, 'Chuẩn mạng cục bộ (LAN)', 1, 1),
(1795, 450, 'Mô hình phân tầng', 0, 1),
(1796, 450, 'A và C', 0, 1),
(1797, 451, 'www.laodong.com.vn', 0, 1),
(1798, 451, 'ngoisao.net', 0, 1),
(1799, 451, 'ninhbinh@yahoo.com', 1, 1),
(1800, 451, '192.168.1.0', 0, 1),
(1801, 452, 'phong lan', 0, 1),
(1802, 452, '"phonglan"', 0, 1),
(1803, 452, '"hoa phong lan"', 1, 1),
(1804, 452, 'lan', 0, 1),
(1805, 453, 'Việc kết nối thành công 4 địa điểm tại Mỹ trong 1 dự án của Cơ quan quản lý dự án nghiên cứu cấp cao (ARPA-Advanced Research Project Agency) thuộc Bộ Quốc phòng Mỹ.', 1, 1),
(1806, 453, 'Sự ra đời của Cơ quan quản lý dự án nghiên cứu cấp cao (ARPA-Advanced Research Project Agency) thuộc Bộ Quốc phòng Mỹ.', 0, 1),
(1807, 453, 'Sự bùng nổ công nghệ mạng LAN tốc độ cao', 0, 1),
(1808, 453, 'B và C', 0, 1),
(1809, 454, 'E-Mail.', 0, 1),
(1810, 454, 'E-Learning.', 1, 1),
(1811, 454, 'E-Commerce', 0, 1),
(1812, 454, 'E-Book', 0, 1),
(1813, 455, 'Bộ duyệt Web', 0, 1),
(1814, 455, 'Chương trình xem Web', 0, 1),
(1815, 455, 'Trình duyệt Web', 1, 1),
(1816, 455, 'Bảng tính', 0, 1),
(1817, 456, 'Outlook Express', 0, 1),
(1818, 456, 'MS-FronPage', 0, 1),
(1819, 456, 'Một chương trình duyệt web', 1, 1),
(1820, 456, 'Phần mềm MS Word', 0, 1),
(1821, 457, 'ARPA', 1, 1),
(1822, 457, 'IBM', 0, 1),
(1823, 457, 'Google', 0, 1),
(1824, 457, 'Microsoft', 0, 1),
(1825, 458, 'File Transfer Procedure', 0, 1),
(1826, 458, 'File Transfer Protocol', 1, 1),
(1827, 458, 'Fast Transfer Protocol', 0, 1),
(1828, 458, 'Fast Transfer Procedure', 0, 1),
(1829, 459, 'Thanh công cụ chuẩn của trình duyệt', 0, 1),
(1830, 459, 'Thanh liên kết của trình duyệt', 0, 1),
(1831, 459, 'Thanh địa chỉ của trình duyệt', 1, 1),
(1832, 459, 'Thanh tiêu đề của trình duyệt', 0, 1),
(1833, 460, 'Chúng ta sử dụng trang vàng Internet có trên trang web tại địa chỉ www.vnn.vn', 0, 1),
(1834, 460, 'Chúng ta mở trình duyệt Web', 0, 1),
(1835, 460, 'Chúng ta mở trang web địa chỉ www.google.com/Gõ “cách thức nuôi cá Basa” vào ô tìm kiếm.', 1, 1),
(1836, 460, 'Chúng ta mở phần mềm soạn thảo văn bản và tìm kiếm “cách thức nuôi cá Basa” vào ô tìm kiếm.', 0, 1),
(1837, 461, 'Máy tính - modem - điện thoại – ISP(Internet Service Provider).', 1, 1),
(1838, 461, 'Máy tính - điện thoại - modem - ISP (Internet Service Provider)', 0, 1),
(1839, 461, 'Máy tính - ISP(Internet Service Provider)  - điện thoại - modem', 0, 1),
(1840, 461, 'Máy tính - modem - ISP (Internet Service Provider) - điện thoại', 0, 1),
(1841, 462, '3', 0, 1),
(1842, 462, '4', 1, 1),
(1843, 462, '5', 0, 1),
(1844, 462, '6', 0, 1),
(1845, 463, 'Quay trở lại cửa sổ trước đó', 0, 1),
(1846, 463, 'Quay trở lại màn hình trước đó', 0, 1),
(1847, 463, 'Quay trở lại trang Web trước đó', 1, 1),
(1848, 463, 'Quay trở lại hình ảnh trước đó', 0, 1),
(1849, 464, 'Ip của máy tính', 0, 1),
(1850, 464, 'Website đó được đặt tại đâu', 0, 1),
(1851, 464, 'Tên miền của WebSite đó', 1, 1),
(1852, 464, 'Chủ nhân của WebSite đó', 0, 1),
(1853, 465, 'Trực tuyến', 1, 1),
(1854, 465, 'Đang tải', 0, 1),
(1855, 465, 'Không tải được', 0, 1),
(1856, 465, 'Đang kéo', 0, 1),
(1857, 466, '4', 0, 1),
(1858, 466, '7', 1, 1),
(1859, 466, '6', 0, 1),
(1860, 466, '5', 0, 1),
(1861, 467, 'Đi đến cửa sổ trươc đó', 0, 1),
(1862, 467, 'Đi đến màn hình trước đó', 0, 1),
(1863, 467, 'Đi đến trang Web tiếp theo', 1, 1),
(1864, 467, 'Đi đến trang web trước đó', 0, 1),
(1865, 468, 'Một hệ thống được xây dựng để đảm bảo an ninh cho công ty.', 0, 1),
(1866, 468, 'Một hệ thống báo cháy', 0, 1),
(1867, 468, 'Một hệ thống bao gồm cả phần cứng và phần mềm có mục đích chống lại sự xâm nhập trái phép từ Internet', 1, 1),
(1868, 468, 'Một hệ thống báo khói cho các thiết bị phần cứng', 0, 1),
(1869, 469, 'Đi đến trang chủ', 1, 1),
(1870, 469, 'Đi đến trang trước', 0, 1),
(1871, 469, 'Đi đến nhà', 0, 1),
(1872, 469, 'Đi đến trang sau', 0, 1),
(1873, 470, 'Internet Access Protocol', 0, 1),
(1874, 470, 'Internet Access Provider', 1, 1),
(1875, 470, 'Internet Application Protocol', 0, 1),
(1876, 470, 'Information Application Protocol', 0, 1),
(1877, 471, 'Home', 0, 1),
(1878, 471, 'Back', 0, 1),
(1879, 471, 'Refresh', 1, 1),
(1880, 471, 'Forward', 0, 1),
(1881, 472, 'Nghe nhạc từ xa', 0, 1),
(1882, 472, 'Đăng ký và xem bóng đá', 0, 1),
(1883, 472, 'Đăng ký một tài khoản gửi thư toàn cầu miễn phí.', 0, 1),
(1884, 472, 'Tất cả các ý trên', 1, 1),
(1885, 473, 'Tất cả đều đúng', 1, 1),
(1886, 473, 'Internet Explorer', 0, 1),
(1887, 473, 'Safari', 0, 1),
(1888, 473, 'Chrome', 0, 1),
(1889, 474, 'Internet Content Protocol', 0, 1),
(1890, 474, 'Internet Content Provider', 1, 1),
(1891, 474, 'Internet Control Protocol', 0, 1),
(1892, 474, 'Information Control Provider', 0, 1),
(1893, 475, 'Home', 0, 1),
(1894, 475, 'Refresh', 0, 1),
(1895, 475, 'Search', 1, 1),
(1896, 475, 'Undo', 0, 1),
(1897, 476, 'Disconnect', 0, 1),
(1898, 476, 'End', 0, 1),
(1899, 476, 'Stop', 1, 1),
(1900, 476, 'Home', 0, 1),
(1901, 477, 'ARPANET', 1, 1),
(1902, 477, 'Intranet', 0, 1),
(1903, 477, 'LAN', 0, 1),
(1904, 477, 'WAN', 0, 1),
(1905, 478, 'Operating System Protocol', 0, 1),
(1906, 478, 'Online Service Provider', 1, 1),
(1907, 478, 'Online System Provider', 0, 1),
(1908, 478, 'Operating System Provider', 0, 1),
(1909, 479, 'Ctrl+N', 0, 1),
(1910, 479, 'Alt+N', 0, 1),
(1911, 479, 'Ctrl+T', 1, 1),
(1912, 479, 'Ctrl+A', 0, 1),
(1913, 480, 'Podcast', 0, 1),
(1914, 480, 'Wikis', 1, 1),
(1915, 480, 'News feeds', 0, 1),
(1916, 480, 'Google', 0, 1),
(1917, 481, 'Internet Service Provider', 1, 1),
(1918, 481, 'Internet Server Provider', 0, 1),
(1919, 481, 'Internet Super Provider', 0, 1),
(1920, 481, 'Internet Sony Provider', 0, 1),
(1921, 482, 'Telecoms Control Protocol / Information Protocol.', 0, 1),
(1922, 482, 'Transmision Control Protocol / Internet Protocol', 1, 1),
(1923, 482, 'Transfer Protocol / Information Protocol.', 0, 1),
(1924, 482, 'Telecoms Control Protocol / Internet Protocol', 0, 1),
(1925, 483, 'Ctrl+Q', 0, 1),
(1926, 483, 'Ctrl+C', 0, 1),
(1927, 483, 'Ctrl+W', 1, 1),
(1928, 483, 'Ctrl+A', 0, 1),
(1929, 484, 'File có dung lượng lớn', 0, 1),
(1930, 484, 'Đường truyền internet tốc độ thấp', 0, 1),
(1931, 484, 'Nhiều người đang cùng sử dụng chung mạng', 0, 1),
(1932, 484, 'Tất cả đều có thể đúng', 1, 1),
(1933, 485, 'Cuối năm 1997', 1, 1),
(1934, 485, 'Cuối năm 2000', 0, 1),
(1935, 485, 'Cuối năm 1991', 0, 1),
(1936, 485, 'Cuối năm 1993', 0, 1),
(1937, 486, 'Kết nối trực tiếp', 0, 1),
(1938, 486, 'Kết nối qua modem', 1, 1),
(1939, 486, 'Kết nối qua card mạng', 0, 1),
(1940, 486, 'kết nối qua máy chủ', 0, 1),
(1941, 487, 'Ctrl+Shift+Tab', 0, 1),
(1942, 487, 'Alt+Tab', 0, 1),
(1943, 487, 'Ctrl+Tab', 1, 1),
(1944, 487, 'Tab', 0, 1),
(1945, 488, 'Internet Service Provider', 0, 1),
(1946, 488, 'Internet', 0, 1),
(1947, 488, 'Web browser', 1, 1),
(1948, 488, 'Office Word', 0, 1),
(1949, 489, 'Dịch vụ thư điện tử (email) chỉ gửi các thông điệp, không thể gửi các tập tin', 1, 1),
(1950, 489, 'ISP phải thuê đường truyền và cổng của một IAP', 0, 1),
(1951, 489, 'Internet Explorer là một trình duyệt WEB', 0, 1),
(1952, 489, 'Chrome là một trình duyệt WEB', 0, 1),
(1953, 490, 'Cần có một thiết bị để kết nối 2 mạng đó', 0, 1),
(1954, 490, 'Cần cả thiết bị để kết nối 2 mạng và giao thức để hai mạng trao đổi thông tin.', 1, 1),
(1955, 490, 'Không thể kết nối 2 mạng.', 0, 1),
(1956, 490, 'Cần có một máy chủ để quản lý mạng', 0, 1),
(1957, 491, 'Ctrl+Tab', 0, 1),
(1958, 491, 'Alt+Tab', 0, 1),
(1959, 491, 'Ctrl+Shift+Tab', 1, 1),
(1960, 491, 'Ctrl+A', 0, 1),
(1961, 492, 'Mạng văn phòng', 0, 1),
(1962, 492, 'Mạng gia đình', 0, 1),
(1963, 492, 'Mạng cục bộ', 1, 1),
(1964, 492, 'Mạng tòa nhà', 0, 1),
(1965, 493, 'Địa chỉ IP', 1, 1),
(1966, 493, 'Địa chỉ nhà', 0, 1),
(1967, 493, 'Mã sản phẩm', 0, 1),
(1968, 493, 'Mã thiết bị', 0, 1),
(1969, 494, 'Network Card', 0, 1),
(1970, 494, 'Router', 1, 1),
(1971, 494, 'HUB', 0, 1),
(1972, 494, 'Network PC', 0, 1),
(1973, 495, 'Kích đúp vào ảnh rồi chọn Download', 0, 1),
(1974, 495, 'Chọn Tools/ Save picture as', 0, 1),
(1975, 495, 'Nhấn chuột phải vào ảnh, chọn Save picture as', 1, 1),
(1976, 495, 'File/Save', 0, 1),
(1977, 496, 'Bạn không thể so sánh giá cả từ các công ty khác nhau', 0, 1),
(1978, 496, 'Bạn có thể chạm vào và cảm nhân hàng hoá trước khi bạn mua chúng', 0, 1),
(1979, 496, 'Bạn có thể mua sắm 24 giờ một ngày, 365 ngày một năm', 1, 1),
(1980, 496, 'Bạn không thể trả lại hàng hóa đã mua', 0, 1),
(1981, 497, 'Công chức SITE:phutho.gov.vn', 1, 1),
(1982, 497, 'Công chức IN: phutho.gov.vn', 0, 1),
(1983, 497, 'Công chức ON: phutho.gov.vn', 0, 1),
(1984, 497, 'Công chức AT: phutho.gov.vn', 0, 1),
(1985, 498, 'Organization System Intelligent', 0, 1),
(1986, 498, 'Open Systems Interconnection.', 1, 1),
(1987, 498, 'Open Service Internetwork.', 0, 1),
(1988, 498, 'Organization System Interconnection', 0, 1),
(1989, 499, 'Hội thoại trực tuyến', 0, 1),
(1990, 499, 'Trao đổi thông tin trực tuyến', 0, 1),
(1991, 499, 'Trao đổi như thông qua môi trường Internet', 1, 1),
(1992, 499, 'Xem báo trực tuyến', 0, 1),
(1993, 500, 'menu Edit - Favorites', 0, 1),
(1994, 500, 'menu View - Favorites', 0, 1),
(1995, 500, 'menu Favorites - Add to Favorites', 1, 1),
(1996, 500, 'menu File - Favorites', 0, 1),
(1997, 501, '<Tên người dùng>@<Tên miền>', 1, 1),
(1998, 501, '<Tên miền> <Tên người dùng>', 0, 1),
(1999, 501, '<Tên miền>@<Tên người dùng>', 0, 1),
(2000, 501, '<Tên người dùng> <Tên miền>', 0, 1),
(2001, 502, 'Truy cập mạng, Liên mạng, Ứng dụng, Giao vận.', 0, 1),
(2002, 502, 'Truy cập mạng, Liên mạng, Giao vận, Ứng dụng.', 1, 1),
(2003, 502, 'Truy cập mạng, Ứng dụng, Giao vận, Liên mạng.', 0, 1),
(2004, 502, 'Truy cập mạng, Ứng dụng, Liên mạng, Giao vận', 0, 1),
(2005, 503, 'Forward', 0, 1),
(2006, 503, 'Compose', 0, 1),
(2007, 503, 'Reply', 1, 1),
(2008, 503, 'Edit', 0, 1),
(2009, 504, 'Mạng cục bộ, mạng diện rộng, mạng toàn cục', 0, 1),
(2010, 504, 'Mạng cục bộ, mạng toàn cục, mạng toàn bộ', 0, 1),
(2011, 504, 'Mạng cục bộ, mạng diện rộng, mạng toàn cầu', 1, 1),
(2012, 504, 'Mạng diện rộng, mạng toàn cục, mạng toàn cầu', 0, 1),
(2013, 505, 'Yahoo', 0, 1),
(2014, 505, 'Google', 0, 1),
(2015, 505, 'Bing', 0, 1),
(2016, 505, 'Tất cả đều đúng', 1, 1),
(2017, 506, 'Sử dụng các chương trình tự động trên máy khách (Client)', 0, 1),
(2018, 506, 'Sử dụng các siêu liên kết (hyperlink).', 1, 1),
(2019, 506, 'Sử dụng màu sắc phong phú, nổi bật.', 0, 1),
(2020, 506, 'Tất cả các khắng định trên.', 0, 1),
(2021, 507, 'Reply', 0, 1),
(2022, 507, 'Compose', 0, 1),
(2023, 507, 'Forward', 1, 1),
(2024, 507, 'Edit', 0, 1),
(2025, 508, 'kí hiệu %', 0, 1),
(2026, 508, 'Kí hiệu &', 0, 1),
(2027, 508, 'Kí hiệu @', 1, 1),
(2028, 508, 'Kí hiệu *', 0, 1),
(2029, 509, 'attachment', 1, 1),
(2030, 509, 'Send', 0, 1),
(2031, 509, 'Copy', 0, 1),
(2032, 509, 'Reply', 0, 1),
(2033, 510, 'TCP/IP', 0, 1),
(2034, 510, 'LAN/WAN', 1, 1),
(2035, 510, 'IPX/SPX', 0, 1),
(2036, 510, 'Tất cả các mục trên', 0, 1),
(2037, 511, 'Tải tệp tin (FTP)', 0, 1),
(2038, 511, 'Thư điện tử (e-mail)', 0, 1),
(2039, 511, 'Tán gẫu(Chat)', 0, 1),
(2040, 511, 'B và C', 1, 1),
(2041, 512, 'Kích nút Delete', 0, 1),
(2042, 512, 'Kích nút Reply', 0, 1),
(2043, 512, 'Kích nút Spam', 1, 1),
(2044, 512, 'Kích nút Edit', 0, 1),
(2045, 513, 'Tất cả đều đúng', 1, 1),
(2046, 513, 'tên miền là tên gọi trỏ về một địa chỉ IP', 0, 1),
(2047, 513, 'Tên miền là tên giao dịch của 1 công ty hay tổ chức sử dụng trên Internet', 0, 1),
(2048, 513, 'Tên miền được quản lý bằng máy chủ tên miền', 0, 1),
(2049, 514, 'Internet Access Provider – Nhà cung cấp dịch vụ đường truyền truy cập Internet.', 0, 1),
(2050, 514, 'Internet Service Provider – Nhà cung cấp dịch vụ Internet.', 1, 1),
(2051, 514, 'Internet Content Provider – Nhà cung cấp dịch vụ nội dung thông tin Internet.', 0, 1),
(2052, 514, 'Bất kỳ tổ chức nào', 0, 1),
(2053, 515, 'Sao chép file từ đĩa mềm từ máy này sang máy khác', 0, 1),
(2054, 515, 'Nhận file đính kèm trong thư điện tử', 0, 1),
(2055, 515, 'Tải file từ Internet về máy', 0, 1),
(2056, 515, 'Quét ảnh từ may quét (Scaner) vào máy tính', 1, 1),
(2057, 516, 'Có thể gửi 1 thư đến 10 địa chỉ khác nhau .', 0, 1),
(2058, 516, '1 người có thể gửi thư cho chính mình, nhiều lần.', 0, 1),
(2059, 516, 'Hai người có thể có địa chỉ thư giống nhau, ví dụ hoahong@yahoo.com', 1, 1),
(2060, 516, 'Có thể gửi thư đến một địa chỉ bất kỳ, không phân biệt khoảng cách địa lý miễn là có kết nối Internet', 0, 1),
(2061, 517, 'Là giao thức truyền tải siêu văn bản', 0, 1),
(2062, 517, 'Là ngôn ngữ để soạn thảo nội dung các trang Web', 1, 1),
(2063, 517, 'Là tên của trang web', 0, 1),
(2064, 517, 'Là địa chỉ trang web', 0, 1),
(2065, 518, 'Dấu “#”', 0, 1),
(2066, 518, 'Dấu “ ”', 1, 1),
(2067, 518, 'Dấu “?”', 0, 1),
(2068, 518, 'Dấu “&”', 0, 1),
(2069, 519, 'attachment', 0, 1),
(2070, 519, 'Check Mail', 0, 1),
(2071, 519, 'Compose', 1, 1),
(2072, 519, 'Edit', 0, 1),
(2073, 520, 'Các Email đã gửi', 0, 1),
(2074, 520, 'Các Email quan trọng', 0, 1),
(2075, 520, 'Các Email rác', 1, 1),
(2076, 520, 'Các Email đã xóa', 0, 1),
(2077, 521, 'Dữ liệu truyền từ máy đang hội thoại lên máy chủ có dịch vụ hội thoại của cơ quan và quay về máy bên kia', 1, 1),
(2078, 521, 'Dữ liệu đi trực tiếp giữa hai máy', 0, 1),
(2079, 521, 'Dữ liệu truyền không được', 0, 1),
(2080, 521, 'Dữ liệu truyền ra ngoài, sau đó quay trở lại mạng của cơ quan', 0, 1),
(2081, 522, '24', 0, 1),
(2082, 522, '32', 1, 1),
(2083, 522, '40', 0, 1),
(2084, 522, '60', 0, 1),
(2085, 523, 'Internet Explorer', 0, 1),
(2086, 523, 'Mozilla Firefox', 0, 1),
(2087, 523, 'Google Chrome', 0, 1),
(2088, 523, 'Thunder bird', 1, 1),
(2089, 524, 'Spam', 0, 1),
(2090, 524, 'Outbox', 0, 1),
(2091, 524, 'Draft', 1, 1),
(2092, 524, 'Sent', 0, 1),
(2093, 525, 'Là một thành phần trong một trang Web liên kết đến vị trí khác trên cùng trang Web đó hoặc liên kết đến một trang Web khác.', 1, 1),
(2094, 525, 'Là nội dụng được thể hiện trên Web Browser (văn bản, âm thanh, hình ảnh)', 0, 1),
(2095, 525, 'Là địa chỉ của 1 trang Web', 0, 1),
(2096, 525, 'Là một ảnh', 0, 1),
(2097, 526, '32', 0, 1),
(2098, 526, '128', 1, 1),
(2099, 526, '96', 0, 1),
(2100, 526, '64', 0, 1),
(2101, 527, 'Windows XP', 0, 1),
(2102, 527, 'Notepad', 0, 1),
(2103, 527, 'Outlook Express', 1, 1),
(2104, 527, 'Mozilla Firefox', 0, 1),
(2105, 528, 'Thư điện tử', 0, 1),
(2106, 528, 'Tải file', 0, 1),
(2107, 528, 'Tin nhắn tức thời', 1, 1),
(2108, 528, 'Gửi file', 0, 1),
(2109, 529, 'Thường xuyên diệt virus bằng các chương trình diệt virus đã được cập nhật mới nhất.', 0, 1),
(2110, 529, 'Lưu trữ trên một Folder riêng có đặt các thuộc tính bảo vệ, cấm xóa.', 0, 1),
(2111, 529, 'Thường xuyên sao lưu ra một thiết bị nhớ khác bên ngoài như đĩa CD, DVD...', 0, 1),
(2112, 529, 'Cả 3 phương án trên.', 1, 1),
(2113, 530, '4 phần, ngăn cách bằng dấu “,”', 0, 1),
(2114, 530, '4 phần, ngăn cách bằng dấu “ ”', 1, 1),
(2115, 530, '5 phần, ngăn cách bằng dấu “ ”', 0, 1),
(2116, 530, '5 phần, ngăn cách bằng dấu “,”', 0, 1),
(2117, 531, 'Là một chương trình nhỏ nằm trong máy chủ và lưu trữ thông tin kết nối Internet của các máy người dùng', 0, 1),
(2118, 531, 'Là một chức năng cho phép xem thông tin lịch sử máy tính', 0, 1),
(2119, 531, 'Là các tệp tin văn bản nhỏ lưu trữ thông tin về quá trình truy xuất Internet của người dùng hoặc các thông tin cá nhân mà người dùng đã từng khai báo', 1, 1),
(2120, 531, 'A và B', 0, 1),
(2121, 532, 'Các Email quan trọng', 0, 1),
(2122, 532, 'Các Email đã xóa', 0, 1),
(2123, 532, 'Các Email đã gửi', 1, 1),
(2124, 532, 'Các Email đang soạn', 0, 1),
(2125, 533, 'File/ Save As', 1, 1),
(2126, 533, 'File/ Edit', 0, 1),
(2127, 533, 'File/ Download', 0, 1),
(2128, 533, 'File/ New', 0, 1),
(2129, 534, 'Bộ nhớ đệm', 0, 1),
(2130, 534, 'Địa chỉ IP', 1, 1),
(2131, 534, 'Chứng đổi số', 0, 1),
(2132, 534, 'Địa chỉ nhà', 0, 1),
(2133, 535, 'Xóa tất cả các tệp tin đã có trên đĩa CD', 0, 1),
(2134, 535, 'Tự sao chép để lây nhiễm.', 1, 1),
(2135, 535, 'Lây lan qua màn hình', 0, 1),
(2136, 535, 'Cả 3 ý trên đều đúng.', 0, 1),
(2137, 536, 'Trực tuyến', 0, 1),
(2138, 536, 'Đang bận', 0, 1),
(2139, 536, 'Ngoại tuyến', 1, 1),
(2140, 536, 'Đang rảnh', 0, 1),
(2141, 537, 'Tải file hay folder', 1, 1),
(2142, 537, 'Không tải', 0, 1),
(2143, 537, 'Trực tuyến', 0, 1),
(2144, 537, 'Ngoại tuyến', 0, 1),
(2145, 538, 'Tên miền đẹp hơn địa chỉ IP.', 0, 1),
(2146, 538, 'Việc nhớ tên miền dễ hơn việc nhớ địa chỉ IP.', 1, 1),
(2147, 538, 'Việc xử lý tên miền dễ hơn việc xử lý địa chỉ IP.', 0, 1),
(2148, 538, 'Tên miền dễ quản lý hơn địa chỉ IP', 0, 1),
(2149, 539, 'Hộp thư của cả hai đều nằm trên máy Mail Server của công ty Yahoo', 0, 1),
(2150, 539, 'Hai người này buộc phải lựa chọn hai tên đăng nhập khác nhau', 0, 1),
(2151, 539, 'Mật khẩu mở hộp thư của hai người này phải khác nhau.', 1, 1),
(2152, 539, 'Hai người này có thể gửi thư cho nhau', 0, 1),
(2153, 540, 'ninhbinh@yahoo.com', 0, 1),
(2154, 540, 'tranvana@gmail.com', 0, 1),
(2155, 540, 'vnexpress.net', 1, 1),
(2156, 540, 'le.van@gmail.com', 0, 1),
(2157, 541, 'Liên kết đến 1 liên kết khác', 0, 1),
(2158, 541, 'Liên kết đến 1 trang web khác', 0, 1),
(2159, 541, 'Liên kết', 1, 1),
(2160, 541, 'Địa chỉ', 0, 1),
(2161, 542, 'Domain Network System.', 0, 1),
(2162, 542, 'Domain Name System.', 1, 1),
(2163, 542, 'Dynamic Name System.', 0, 1),
(2164, 542, 'Dynamic.Network.System.', 0, 1),
(2165, 543, 'WWW là từ viết tắt của World Wide Web', 0, 1),
(2166, 543, 'Chúng ta có thể đăng ký để sử dụng thư miễn phí tại địa chỉ MAIL.YAHOO.COM', 0, 1),
(2167, 543, 'Internet là dịch vụ do công ty Internet tại Mỹ điều hành và thu phí.', 1, 1),
(2168, 543, 'HTTP là một giao thức', 0, 1),
(2169, 544, 'Thư đã được gửi đi', 0, 1),
(2170, 544, 'Thư trả lời cho thư mà ta đã gửi cho ai đó', 0, 1),
(2171, 544, 'Địa chỉ Email không tồn tại', 1, 1),
(2172, 544, 'Người nhận đã đọc thư', 0, 1),
(2173, 545, 'Địa chỉ của trang web', 1, 1),
(2174, 545, 'Hệ điều hành đang sử dụng', 0, 1),
(2175, 545, 'Trang web đó của nước nào', 0, 1),
(2176, 545, 'Người quản lý là ai', 0, 1),
(2177, 546, 'High Text Markup Language.', 0, 1),
(2178, 546, 'Hyper Text Markup Language.', 1, 1),
(2179, 546, 'Hyper Test Making Language.', 0, 1),
(2180, 546, 'Hyper Test Markup Language.', 0, 1),
(2181, 547, 'Có thể chuyển được lượng văn bản lớn hơn nhờ chức năng gắn kèm', 0, 1),
(2182, 547, 'Thư điện tử luôn có độ an ninh cao hơn', 0, 1),
(2183, 547, 'Tốc độ chuyển thư nhanh', 1, 1),
(2184, 547, 'Thư điện tử luôn luôn được phân phát.', 0, 1),
(2185, 548, 'Skype', 0, 1),
(2186, 548, 'Yahoo! Messenger', 0, 1),
(2187, 548, 'Chính phủ, các cơ quan hành chính, tổ chức nhà nước trên lãnh thổ Việt Nam', 1, 1),
(2188, 548, 'Bất kỳ ai', 0, 1),
(2189, 549, 'Ctrl + H', 1, 1),
(2190, 549, 'Ctrl + L', 0, 1),
(2191, 549, 'Ctrl + P', 0, 1),
(2192, 549, 'Ctrl + A', 0, 1),
(2193, 550, 'Máy Fax', 0, 1),
(2194, 550, 'Modem', 1, 1),
(2195, 550, 'Router', 0, 1),
(2196, 550, 'Switch', 0, 1),
(2197, 551, 'CPU, các thiết bị lưu trữ, bộ nhớ, các thiết bị nhập và các thiết bị xuất dữ liệu', 1, 1),
(2198, 551, 'CPU, các thiết bị lưu trữ, bộ nhớ', 0, 1),
(2199, 551, 'CPU, bộ nhớ, các thiết bị nhập và các thiết bị xuất dữ liệu', 0, 1),
(2200, 551, 'Các thiết bị lưu trữ, bộ nhớ, các thiết bị nhập', 0, 1),
(2201, 552, 'Phần mềm trình duyệt Web thương mại', 0, 1),
(2202, 552, 'Phần mềm trình duyệt Web mã nguồn mở', 1, 1),
(2203, 552, 'Phần mềm Hệ điều hành mã nguồn mở', 0, 1),
(2204, 552, 'Phần mềm Hệ điều hành trả phí', 0, 1);
INSERT INTO `tbdapan` (`dapan_id`, `cauhoi_id`, `dapan_tieude`, `dapan_dung`, `dapan_trangthai`) VALUES
(2205, 553, 'Người đưa thư chỉ việc để thư ở hòm thư trước nhà người nhận là người nhận có thể biết được nội dung', 0, 1),
(2206, 553, 'Là dịch vụ chỉ dành cho những người làm trong lĩnh vực điện tử viễn thông', 0, 1),
(2207, 553, 'Là dịch vụ thực hiện truyền thông tin qua Internet thông qua các hộp thư điện tử', 1, 1),
(2208, 553, 'Là dịch vụ chỉ dành cho những người không làm trong lĩnh vực viễn thông', 0, 1),
(2209, 554, 'Máy in             ', 1, 1),
(2210, 554, 'Micro', 0, 1),
(2211, 554, 'Webcam            ', 0, 1),
(2212, 554, 'Đĩa mềm', 0, 1),
(2213, 555, 'Phần mềm hệ thống', 1, 1),
(2214, 555, 'Phần mềm ứng dụng', 0, 1),
(2215, 555, 'Phần mềm tiện ích', 0, 1),
(2216, 555, 'Phần mềm trò chơi', 0, 1),
(2217, 556, 'Plug and Play', 1, 1),
(2218, 556, 'Windows Explorer', 0, 1),
(2219, 556, 'Desktop', 0, 1),
(2220, 556, 'Multimedia', 0, 1),
(2221, 557, 'Là phương thức truyền tập tin từ máy này đến máy khác trên mạng', 0, 1),
(2222, 557, 'Là dịch vụ cho phép ta truy cập đến hệ thống máy tính khác trên mạng', 0, 1),
(2223, 557, 'Là dịch vụ cho phép ta gửi và nhận thư điện tử', 1, 1),
(2224, 557, 'Là phần mềm dung để chụp ảnh và gửi thư tay qua mạng máy tính', 0, 1),
(2225, 558, 'Ctrl+C             ', 0, 1),
(2226, 558, 'Ctrl+Ins         ', 0, 1),
(2227, 558, 'Print Screen            ', 1, 1),
(2228, 558, 'ESC', 0, 1),
(2229, 559, 'Bit', 1, 1),
(2230, 559, 'Byte', 0, 1),
(2231, 559, 'Megabyte', 0, 1),
(2232, 559, 'Kilobyte', 0, 1),
(2233, 560, 'Ubuntu', 0, 1),
(2234, 560, 'Microsoft Office', 1, 1),
(2235, 560, 'Open Office', 0, 1),
(2236, 560, 'Firefox', 0, 1),
(2237, 561, 'Địa chỉ email trùng với tên trong chứng minh nhân dân', 0, 1),
(2238, 561, 'Không an toàn, bảo mật thấp', 0, 1),
(2239, 561, 'Nhanh, thuận tiện', 1, 1),
(2240, 561, 'Chậm, kết nối phức tạp', 0, 1),
(2241, 562, 'Cuối năm 1999', 0, 1),
(2242, 562, 'Cuối năm 1998', 0, 1),
(2243, 562, 'Cuối năm 1997   ', 1, 1),
(2244, 562, 'Cuối năm 1996', 0, 1),
(2245, 563, 'Là tên một phần cứng máy tính', 0, 1),
(2246, 563, 'Là đơn vị nhỏ nhất của thông tin được sử dụng trong máy tính', 0, 1),
(2247, 563, 'là một phần tử nhỏ mang một trong 2 giá trị 0 và 1', 0, 1),
(2248, 563, 'B và C', 1, 1),
(2249, 564, 'Dialog box', 0, 1),
(2250, 564, 'List box', 0, 1),
(2251, 564, 'Control box', 1, 1),
(2252, 564, 'Text box', 0, 1),
(2253, 565, 'E-learning', 0, 1),
(2254, 565, 'LAN', 0, 1),
(2255, 565, 'Thư điện tử, chat', 1, 1),
(2256, 565, 'WAN', 0, 1),
(2257, 566, 'Trong CPU   ', 0, 1),
(2258, 566, 'Trong RAM', 0, 1),
(2259, 566, 'Trên bộ nhớ ngoài   ', 1, 1),
(2260, 566, 'Trong ROM', 0, 1),
(2261, 567, '8 bit', 1, 1),
(2262, 567, '2 bit', 0, 1),
(2263, 567, '10 bit', 0, 1),
(2264, 567, '12 bit', 0, 1),
(2265, 568, 'Khi dịch một cuốn sách', 0, 1),
(2266, 568, 'Khi chẩn đoán bệnh', 0, 1),
(2267, 568, 'Khi phân tích tâm lý một con người', 0, 1),
(2268, 568, 'Khi thực hiện một phép toán phức tạp', 1, 1),
(2269, 569, 'Là dịch vụ tin nhắn có giới hạn nội dung', 0, 1),
(2270, 569, 'Là dịch vụ tin nhắn trong mạng nội bộ', 0, 1),
(2271, 569, 'Là dịch vụ cho phép hai người trở lên nói chuyện trực tuyến với nhau qua một mạng máy tính', 1, 1),
(2272, 569, 'Là dịch vụ chuyển tệp tin qua mạng máy tính', 0, 1),
(2273, 570, 'File – Properties   ', 0, 1),
(2274, 570, 'File – Page Setup', 1, 1),
(2275, 570, 'File – Print   ', 0, 1),
(2276, 570, 'File – Print Preview', 0, 1),
(2277, 571, 'Giữ phím Ctrl và nháy chuột vào từng mục muốn chọn trong danh sách', 1, 1),
(2278, 571, 'Nháy chuột ở mục đầu, ấn và giữ Shift nháy chuột ở mục cuối', 0, 1),
(2279, 571, 'Giữ phím Alt và nháy chuột vào từng mục muốn chọn trong danh sách', 0, 1),
(2280, 571, 'Giữ phím Tab và nháy chuột vào từng mục muốn chọn trong danh sách', 0, 1),
(2281, 572, 'Kí tự & và @', 0, 1),
(2282, 572, 'Kí tự ! và %', 0, 1),
(2283, 572, 'Kí tự * và ?', 1, 1),
(2284, 572, 'Kí tự # và %', 0, 1),
(2285, 573, 'Nhấn nút Start ở góc dưới bên trái màn hình nền, chọn mục Shutdown', 1, 1),
(2286, 573, 'Tắt nguồn điện', 0, 1),
(2287, 573, 'Bấm nút Power trên hộp máy', 0, 1),
(2288, 573, 'Bấm tổ hợp phím Ctrl + Alt + Delete', 0, 1),
(2289, 574, 'Là chương trình được cài đặt trên máy tính', 0, 1),
(2290, 574, 'Là biểu tượng giúp người dùng truy cập nhanh vào đối tượng thường sử dụng', 1, 1),
(2291, 574, 'Là biểu tượng để mở cửa sổ My Computer', 0, 1),
(2292, 574, 'Là file hệ thống', 0, 1),
(2293, 575, 'Giaymoi.doc', 0, 1),
(2294, 575, 'Baitap.pas', 0, 1),
(2295, 575, 'http://vtv.vn', 1, 1),
(2296, 575, 'NộiDung.doc', 0, 1),
(2297, 576, 'Không thể thay thế cho ký tự', 0, 1),
(2298, 576, 'Thay thế cho dấu cách', 0, 1),
(2299, 576, 'Thay thế cho 1 hoặc một số ký tự', 1, 1),
(2300, 576, 'Thay thế cho 1 ký tự duy nhất', 0, 1),
(2301, 577, 'Bấm Ctrl + Del, chọn Lock Computer', 0, 1),
(2302, 577, 'Bấm Ctrl + L, chọn Lock Computer', 0, 1),
(2303, 577, 'Bấm Alt + L, chọn Lock Computer', 0, 1),
(2304, 577, 'Bấm phím Lá cờ + L', 1, 1),
(2305, 578, 'My Computer hoặc Windows Explorer', 1, 1),
(2306, 578, 'My Computer hoặc Recycle Bin', 0, 1),
(2307, 578, 'Windows Explorer hoặc Recycle Bin', 0, 1),
(2308, 578, 'My Computer hoăc My Network Place', 0, 1),
(2309, 579, 'Thư mục không', 0, 1),
(2310, 579, 'Thư mục lép', 0, 1),
(2311, 579, 'Thư mục rỗng', 1, 1),
(2312, 579, 'Thư mục ẩn', 0, 1),
(2313, 580, 'Mã hóa dữ liệu để người khác không đọc được', 0, 1),
(2314, 580, 'Để sắp xếp lại thư mục theo nhóm', 0, 1),
(2315, 580, 'Giảm nguồn tài nguyên cũng như dung lượng lưu trữ hay băng thông đường truyền', 1, 1),
(2316, 580, 'Nâng cao độ phức tạp của máy tính', 0, 1),
(2317, 581, 'Kích Start, chọn Shutdown/Hibernate', 1, 1),
(2318, 581, 'Kích Start, chọn Shutdown/Standby', 0, 1),
(2319, 581, 'Kích Start, chọn Shutdown/Log off', 0, 1),
(2320, 581, 'Kích Start, chọn Shutdown/Restart', 0, 1),
(2321, 582, 'Kích chuột phải tại biểu tượng chương trình, chọn Send to Desktop', 0, 1),
(2322, 582, 'Kích chuột phải tại biểu tượng chương trình, chọn Move to…', 1, 1),
(2323, 582, 'Trỏ chuột vào biểu tượng chương trình, sau đó kéo ra Desktop', 0, 1),
(2324, 582, 'Copy biểu tượng chương trình ra Destop', 0, 1),
(2325, 583, 'Hoc_phan_tin_1.doc', 0, 1),
(2326, 583, 'Hoc,phan,tin,1.doc', 0, 1),
(2327, 583, 'Hoc_phan_tin1?.doc', 1, 1),
(2328, 583, 'Học_Phần_1.doc', 0, 1),
(2329, 584, 'WinRar', 0, 1),
(2330, 584, 'WinZip', 0, 1),
(2331, 584, '7zip', 0, 1),
(2332, 584, 'Tất cả các ứng dụng trên', 1, 1),
(2333, 585, 'Là ký tự được bố trí trên dòng chữ thông thường', 0, 1),
(2334, 585, 'Là ký tự đặc biệt', 0, 1),
(2335, 585, 'Là ký tự được bố trí phía dưới dòng chữ thông thường', 1, 1),
(2336, 585, 'Là ký tự được viết ngay bên dưới ký tự hiện tại', 0, 1),
(2337, 586, 'Bảng gồm 5 dòng 6 cột', 0, 1),
(2338, 586, 'Bảng gồm 30 dòng', 0, 1),
(2339, 586, 'Bảng gồm 5 cột 6 dòng', 1, 1),
(2340, 586, 'Bảng gồm 40 dòng', 0, 1),
(2341, 587, 'Ấn dấu X bên phải phía trên màn hình', 1, 1),
(2342, 587, 'Nhấn nút (-) bên phải phía trên màn hình', 0, 1),
(2343, 587, 'Nhấn nút ^ bên phải phía trên màn hình', 0, 1),
(2344, 587, 'Nút Shutdown', 0, 1),
(2345, 588, 'Văn bản đang được hiển thị ở chế độ Read Mode', 0, 1),
(2346, 588, 'Văn bản được hiển thị như khi được in ra giấy', 1, 1),
(2347, 588, 'Văn bản được phóng to gấp đôi so với ban đầu', 0, 1),
(2348, 588, 'Văn bản được hiển thị vừa đủ màn hình', 0, 1),
(2349, 589, 'Chọn biểu tượng chỉ số dưới (subscript) trên thanh Ribbon', 0, 1),
(2350, 589, 'Dùng tổ hợp phím Ctrl + =', 0, 1),
(2351, 589, 'Dùng tổ hợp phím Ctrl + Shift +  =', 0, 1),
(2352, 589, 'A và B', 1, 1),
(2353, 590, 'Ô là một đối tượng bé nhất trong bảng', 0, 1),
(2354, 590, 'Ô là vị trí đầu tiên của cột', 0, 1),
(2355, 590, 'Ô là giao điểm của hàng và cột', 0, 1),
(2356, 590, 'A và C', 1, 1),
(2357, 591, 'Tạo tài liệu mới', 1, 1),
(2358, 591, 'Lưu tài liệu', 0, 1),
(2359, 591, 'Mở tài liệu', 0, 1),
(2360, 591, 'Đóng tài liệu', 0, 1),
(2361, 592, 'Văn bản đang được hiển thị thu nhỏ', 0, 1),
(2362, 592, 'Văn bản đang được hiển thị phóng to', 1, 1),
(2363, 592, 'Cài đặt kích cỡ font chữ đang được tăng lên 108%', 0, 1),
(2364, 592, 'Văn bản bị tràn ra khỏi giấy 108%', 0, 1),
(2365, 593, 'Chọn biểu tượng chỉ số trên (superscript) trên thanh Ribbon', 0, 1),
(2366, 593, 'Dùng tổ hợp phím Ctrl + Shift + =', 0, 1),
(2367, 593, 'Dùng tổ hợp phím Ctrl + =', 0, 1),
(2368, 593, 'A và B', 1, 1),
(2369, 594, 'Tools/ Split Cells', 0, 1),
(2370, 594, 'Tools/ Merge Cells', 0, 1),
(2371, 594, 'Table/ Merge Cells', 1, 1),
(2372, 594, 'Table/ Split Cells', 0, 1),
(2373, 595, 'View/ Show / đánh dấu/bỏ đánh dấu vào mục Ruler', 1, 1),
(2374, 595, 'File/ Word Option/ Ruler', 0, 1),
(2375, 595, 'View/ Outline', 0, 1),
(2376, 595, 'Edit/Ruler', 0, 1),
(2377, 596, 'Alt + F ', 0, 1),
(2378, 596, 'Alt + A ', 0, 1),
(2379, 596, 'Ctrl + F ', 0, 1),
(2380, 596, 'Ctrl + A', 1, 1),
(2381, 597, 'Tạo chữ in thường', 0, 1),
(2382, 597, 'Tạo gạch đầu dòng đầu câu và in hoa đầu câu', 0, 1),
(2383, 597, 'Tạo chữ in hoa', 1, 1),
(2384, 597, 'Tạo chữ đặc biệt', 0, 1),
(2385, 598, 'ESC', 0, 1),
(2386, 598, 'Ctrl', 0, 1),
(2387, 598, 'Tab', 1, 1),
(2388, 598, 'F1', 0, 1),
(2389, 599, 'Chứa các lệnh thao tác với file văn bản', 1, 1),
(2390, 599, 'Chứa các lệnh thao tác chỉnh sửa văn bản', 0, 1),
(2391, 599, 'Tạo tài liệu mới', 0, 1),
(2392, 599, 'Chứa các lệnh định dạng văn bản', 0, 1),
(2393, 600, 'Read Mode', 0, 1),
(2394, 600, 'Print Layout', 1, 1),
(2395, 600, 'Outline', 0, 1),
(2396, 600, 'Webpage', 0, 1),
(2397, 601, 'Tất cả các câu đều có in hoa đầu câu', 0, 1),
(2398, 601, 'Tất cả các câu đều có in hoa đầu câu và tự tạo dấu chấm kết thúc câu', 0, 1),
(2399, 601, 'Tất cả các kí tự đều in hoa', 1, 1),
(2400, 601, 'Tất cả các ký tự đều in thường', 0, 1),
(2401, 602, 'Di chuyển con trỏ sang ô bên cạnh', 0, 1),
(2402, 602, 'Xóa nội dung 1 ô', 0, 1),
(2403, 602, 'Đưa con trỏ lùi lại 1 ô', 1, 1),
(2404, 602, 'Xóa nội dung 2 ô', 0, 1),
(2405, 603, 'Phóng to văn bản', 1, 1),
(2406, 603, 'Văn bản khi in ra giấy', 0, 1),
(2407, 603, 'Hiển thị văn bản trên môi trường web', 0, 1),
(2408, 603, 'Thu nhỏ văn bản', 0, 1),
(2409, 604, 'View/ Symbol', 0, 1),
(2410, 604, 'Insert/ Symbol', 1, 1),
(2411, 604, 'Format/ Symbol', 0, 1),
(2412, 604, 'Edit/Symbol', 0, 1),
(2413, 605, 'Giữ phím Caps Lock từ 3 đến 5 giây', 0, 1),
(2414, 605, 'Chế độ Caps Lock tự tắt từ 3 đến 5 giây', 0, 1),
(2415, 605, 'Nhấn phím Caps Lock 1 lần trên bàn phím', 1, 1),
(2416, 605, 'Bấm nút Caps Lock trên màn hình', 0, 1),
(2417, 606, 'Format - Bullets and Numbering', 1, 1),
(2418, 606, 'Tools - Bullets and Numbering', 0, 1),
(2419, 606, 'Edit - Bullets and Numbering', 0, 1),
(2420, 606, 'File - Bullets and Numbering', 0, 1),
(2421, 607, 'Chứa các lệnh chỉnh sửa văn bản', 0, 1),
(2422, 607, 'Chứa các lệnh thao tác với văn bản như New, Open, Save, Save As…', 1, 1),
(2423, 607, 'Chứa các lệnh phóng to, thu nhỏ văn bản', 0, 1),
(2424, 607, 'Chứa các lệnh thao tác với bảng', 0, 1),
(2425, 608, 'Giữ phím Ctrl và ấn số 5', 0, 1),
(2426, 608, 'Giữ phím Shift và ấn số 5', 1, 1),
(2427, 608, 'Ấn số 5', 0, 1),
(2428, 608, 'Ấn số 6', 0, 1),
(2429, 609, 'Viết hoa toàn bộ đoạn văn bản được chọn', 0, 1),
(2430, 609, 'Viết hoa ký tự đầu tiên và viết thường các ký tự còn lại', 0, 1),
(2431, 609, 'Viết thường ký tự đầu tiên và viết hoa các ký tự còn lại', 1, 1),
(2432, 609, 'Viết thường ký tự đầu tiên và các ký tự còn lại', 0, 1),
(2433, 610, 'View/ Toolbars/ Drawing', 0, 1),
(2434, 610, 'View/ Toolbars/ Standard', 0, 1),
(2435, 610, 'Insert/ Illustrations/ Shapes', 1, 1),
(2436, 610, 'View/ Toolbars/ Shapes', 0, 1),
(2437, 611, 'Tăng kích thước toàn màn hình', 1, 1),
(2438, 611, 'Tăng kích cỡ chữ trong văn bản', 0, 1),
(2439, 611, 'Thu nhỏ chế độ nhìn văn bản', 0, 1),
(2440, 611, 'Giảm kích cỡ toàn màn hình', 0, 1),
(2441, 612, 'Caps Lock', 0, 1),
(2442, 612, 'Num Lock', 1, 1),
(2443, 612, 'Scroll Lock', 0, 1),
(2444, 612, 'Screen Lock', 0, 1),
(2445, 613, 'Viết thường ký tự đầu tiên và viết hoa các ký tự còn lại', 0, 1),
(2446, 613, 'Viết thường ký tự đầu tiên và viết hoa các ký tự còn ại', 0, 1),
(2447, 613, 'Viết hoa toàn bộ đoạn văn được chọn', 1, 1),
(2448, 613, 'Viết thường toàn bộ đoạn được chọn', 0, 1),
(2449, 614, 'References/ Illustrations/ Chart', 0, 1),
(2450, 614, 'Mailings/ Illustrations/ Chart', 0, 1),
(2451, 614, 'Insert/ Illustrations/ Chart', 1, 1),
(2452, 614, 'Edit/ Illustrations/ Chart', 0, 1),
(2453, 615, 'F6', 0, 1),
(2454, 615, 'Ctrl + p', 1, 1),
(2455, 615, 'Phím Print Screen', 0, 1),
(2456, 615, 'Đáp án b và c đúng', 0, 1),
(2457, 616, 'Ctrl - e', 0, 1),
(2458, 616, 'Ctrl - f', 0, 1),
(2459, 616, 'Ctrl - g', 1, 1),
(2460, 616, 'Ctrl - h', 0, 1),
(2461, 617, 'Viết thường ký tự đầu tiên và viết hoa các ký tự còn lại', 0, 1),
(2462, 617, 'Viết thường ký tự đầu tiên và viết hoa các ký tự còn ại', 0, 1),
(2463, 617, 'Viết thường toàn bộ đoạn văn được chọn', 1, 1),
(2464, 617, 'Viết hoa toàn bộ đoạn văn được chọn', 0, 1),
(2465, 618, 'Tab Home/ nhóm Illustrations', 0, 1),
(2466, 618, 'Tab Design/ nhóm Illustrations', 0, 1),
(2467, 618, 'Tab Insert/ nhóm Illustrations', 1, 1),
(2468, 618, 'Tab Edit/ nhóm Illustrations', 0, 1),
(2469, 619, '1 thành phần trải ngang và 1 thành phần ẩn', 1, 1),
(2470, 619, '1 thành phần trải ngang', 0, 1),
(2471, 619, '1 thành phần ẩn trong nút', 0, 1),
(2472, 619, 'Không có thành phần nào', 0, 1),
(2473, 620, 'Tab Home/ Symbol', 0, 1),
(2474, 620, 'Tab Insert/ Symbol', 1, 1),
(2475, 620, 'Tab Design/ Symbol', 0, 1),
(2476, 620, 'Tab Edit/ Symbol', 0, 1),
(2477, 621, 'Tab Home/ nhóm Paragragh/ chọn 1 loại căn lề', 1, 1),
(2478, 621, 'Tab Home/ nhóm Design/ chọn 1 loại căn lề', 0, 1),
(2479, 621, 'Tab Home/ nhóm Font/ chọn 1 loại căn lề', 0, 1),
(2480, 621, 'Tab Design / nhóm Design/ chọn 1 loại căn lề', 0, 1),
(2481, 622, 'Chèn biểu đồ', 0, 1),
(2482, 622, 'Chèn ký tự đặc biệt', 0, 1),
(2483, 622, 'Chèn hình ảnh', 1, 1),
(2484, 622, 'Chèn đoạn văn bản', 0, 1),
(2485, 623, 'Thanh Ribbon', 1, 1),
(2486, 623, 'Thanh Quick Access Toolbar', 0, 1),
(2487, 623, 'Nút FILE', 0, 1),
(2488, 623, 'Không có', 0, 1),
(2489, 624, 'Dấu ≥ được tích hợp sẵn trên bàn phím, chỉ cần gõ', 0, 1),
(2490, 624, 'Insert/ Symbol', 1, 1),
(2491, 624, 'Vào thanh Quick Access Toolbar/ Spelling and Grammar', 0, 1),
(2492, 624, 'Insert/Edit', 0, 1),
(2493, 625, 'Kiểu thụt đầu dòng đầu tiên trong cả đoạn văn bản', 0, 1),
(2494, 625, 'Kiểu thụt đầu dòng tất cả các dòng trong đoạn văn bản tính từ lề trái', 0, 1),
(2495, 625, 'A và B đều đúng', 1, 1),
(2496, 625, 'A và B đều sai', 0, 1),
(2497, 626, 'Xoay ảnh, chỉnh độ sáng cho ảnh (1)', 0, 1),
(2498, 626, 'Cắt ảnh, chỉnh độ mờ cho ảnh (2)', 0, 1),
(2499, 626, 'A và B đều sai', 0, 1),
(2500, 626, 'A và B đều đúng', 1, 1),
(2501, 627, 'Read Mode', 1, 1),
(2502, 627, 'Print Layout', 0, 1),
(2503, 627, 'Web Layout', 0, 1),
(2504, 627, 'Draft View', 0, 1),
(2505, 628, 'Insert/ Symbol/ More Symbols/ Wingdings', 0, 1),
(2506, 628, 'Insert/ Symbol/ More Symbols/ Special Character', 0, 1),
(2507, 628, 'Insert/ Symbol/ More Symbols/ Webdings', 0, 1),
(2508, 628, 'Insert/ Symbol/ More Symbols/ Symbol', 1, 1),
(2509, 629, 'Tăng số đo thụt đầu dòng', 0, 1),
(2510, 629, 'Tạo kiểu thụt đầu dòng dạng treo', 0, 1),
(2511, 629, 'Giảm số đo thụt đầu dòng', 1, 1),
(2512, 629, 'Giảm số đo thụt cuối dòng', 0, 1),
(2513, 630, 'File/ Properties', 0, 1),
(2514, 630, 'File/ Print', 0, 1),
(2515, 630, 'File/ Page Setup', 1, 1),
(2516, 630, 'Design/ Print', 0, 1),
(2517, 631, 'View', 1, 1),
(2518, 631, 'Review', 0, 1),
(2519, 631, 'Page Layout', 0, 1),
(2520, 631, 'Home', 0, 1),
(2521, 632, 'Save là lưu tài liệu, còn Save As là đóng tài liệu', 0, 1),
(2522, 632, 'Save là lưu tài liệu, còn Save As là lưu tài liệu với tên khác', 1, 1),
(2523, 632, 'Save là lưu tài liệu, còn Save As là mở một tài liệu đã lưu', 0, 1),
(2524, 632, 'A và B', 0, 1),
(2525, 633, 'Giảm số đo thụt đầu dòng', 0, 1),
(2526, 633, 'Tạo kiểu thụt đầu dòng dạng treo', 0, 1),
(2527, 633, 'Tăng số đo thụt đầu dòng', 1, 1),
(2528, 633, 'Tăng số đo thụt cuối dòng', 0, 1),
(2529, 634, 'Là khoảng cách trong tài liệu', 0, 1),
(2530, 634, 'Là khoảng cách được tạo do người trình bày văn bản thiết lập', 0, 1),
(2531, 634, 'Là khoảng cách giữa cạnh giấy và văn bản trong tài liệu', 1, 1),
(2532, 634, 'Là khoảng cách giữa các trang trong tài liệu', 0, 1),
(2533, 635, 'Một hộp thoại sẽ bật ra', 1, 1),
(2534, 635, 'Cửa sổ trên được đóng lại', 0, 1),
(2535, 635, 'Cửa sổ trên được phóng to ra', 0, 1),
(2536, 635, 'Cửa sổ trên được thu nhỏ lại thành một biểu tượng', 0, 1),
(2537, 636, 'Mở tài liệu', 0, 1),
(2538, 636, 'Lưu tài liệu', 1, 1),
(2539, 636, 'Đóng tài liệu', 0, 1),
(2540, 636, 'Khóa tài liệu', 0, 1),
(2541, 637, 'Tab trái', 0, 1),
(2542, 637, 'Tab phải', 0, 1),
(2543, 637, 'Tab hai bên', 1, 1),
(2544, 637, 'A và B', 0, 1),
(2545, 638, 'Tab Page Layout/ nhóm Page Setup/ Design', 0, 1),
(2546, 638, 'Tab Page Layout/ nhóm Page Setup/ Size', 0, 1),
(2547, 638, 'Tab Page Layout/ nhóm Page Setup/ Margins', 1, 1),
(2548, 638, 'Tab Page Layout/ nhóm Page Setup/ Paper', 0, 1),
(2549, 639, 'Trợ giúp tìm kiếm thông tin', 1, 1),
(2550, 639, 'Tìm kiếm thông tin trên Word', 0, 1),
(2551, 639, 'Thay thế thông tin cần tìm kiếm', 0, 1),
(2552, 639, 'Lặp lại tìm kiếm', 0, 1),
(2553, 640, '#DIV/0!', 0, 1),
(2554, 640, '#VALUE!', 1, 1),
(2555, 640, '#ERROR', 0, 1),
(2556, 641, '#VALUE!', 0, 1),
(2557, 641, '123', 0, 1),
(2558, 641, '100', 1, 1),
(2559, 641, '1', 0, 1),
(2560, 642, 'F12', 1, 1),
(2561, 642, 'F11', 0, 1),
(2562, 642, 'F10', 0, 1),
(2563, 642, 'F2', 0, 1),
(2564, 643, '01', 0, 1),
(2565, 643, '1', 1, 1),
(2566, 643, '#VALUE!', 0, 1),
(2567, 644, '><', 0, 1),
(2568, 644, '<>', 1, 1),
(2569, 644, '&', 0, 1),
(2570, 644, '!=', 0, 1),
(2571, 645, '#VALUE!', 0, 1),
(2572, 645, '3', 0, 1),
(2573, 645, '6', 1, 1),
(2574, 645, '#ERROR', 0, 1),
(2575, 646, 'Ctrl+Home', 1, 1),
(2576, 646, 'Alt+Home', 0, 1),
(2577, 646, 'Shift+Home', 0, 1),
(2578, 646, 'Home', 0, 1),
(2579, 647, '1Hanoi5', 0, 1),
(2580, 647, '1Hanoi6', 1, 1),
(2581, 647, '1Hanoi4', 0, 1),
(2582, 647, '4Hanoi6', 0, 1),
(2583, 648, '1', 0, 1),
(2584, 648, '200', 1, 1),
(2585, 648, '100', 0, 1),
(2586, 648, '#VALUE!', 0, 1),
(2587, 649, 'Mid(chuỗi, m, n)', 0, 1),
(2588, 649, 'Right(chuỗi, n)', 0, 1),
(2589, 649, 'Value(số)', 1, 1),
(2590, 649, 'Number(số)', 0, 1),
(2591, 650, 'Ctrl + Page Up; Ctrl + Page Down', 1, 1),
(2592, 650, 'Alt + Page Up ; Alt + Page Down', 0, 1),
(2593, 650, 'Ctrl+Home ; Ctrl+End', 0, 1),
(2594, 650, 'Shift + Page Up ; Shift + Page Down', 0, 1),
(2595, 651, 'Table - Insert Columns', 1, 1),
(2596, 651, 'Format - Cells - Insert Columns', 0, 1),
(2597, 651, 'Table - Insert Cells', 0, 1),
(2598, 651, 'Insert - Columns', 0, 1),
(2599, 652, 'Kiểu số, kiểu lôgic, kiểu ngày tháng', 0, 1),
(2600, 652, 'Kiểu chuỗi, kiểu số, kiểu lôgic, kiểu ngày tháng, kiểu công thức', 1, 1),
(2601, 652, 'Kiểu công thức, kiểu hàm, kiểu số, kiểu ngày tháng', 0, 1),
(2602, 652, 'Kiểu chuỗi, kiểu số, kiểu công thức', 0, 1),
(2603, 653, '271', 0, 1),
(2604, 653, '138', 0, 1),
(2605, 653, '47', 0, 1),
(2606, 653, '63', 1, 1),
(2607, 654, 'Tab', 1, 1),
(2608, 654, 'Enter', 0, 1),
(2609, 654, 'Backspace', 0, 1),
(2610, 654, 'Delete', 0, 1),
(2611, 655, 'Atl + P', 0, 1),
(2612, 655, 'Ctrl + P', 1, 1),
(2613, 655, 'Ctrl + Print Screen', 0, 1),
(2614, 655, 'Alt + Print Screen', 0, 1),
(2615, 656, '&', 0, 1),
(2616, 656, '#', 1, 1),
(2617, 656, '*', 0, 1),
(2618, 656, '@', 0, 1),
(2619, 657, '13', 0, 1),
(2620, 657, '15', 0, 1),
(2621, 657, '17', 1, 1),
(2622, 657, '21', 0, 1),
(2623, 658, 'Shift + Tab', 1, 1),
(2624, 658, 'Alt + Tab', 0, 1),
(2625, 658, 'Ctrl + Tab', 0, 1),
(2626, 658, 'Tab', 0, 1),
(2627, 659, 'Kích thước 2 tệp bằng nhau', 0, 1),
(2628, 659, 'Tệp có phần mở rộng xls có kích thước lớn hơn so với tệp có phần mở rộng xlsx', 1, 1),
(2629, 659, 'Tệp có phần mở rộng xls có kích thước nhỏ hơn so với tệp có phần mở rộng xlsx', 0, 1),
(2630, 659, 'Tùy từng máy tính có thể A hoặc C', 0, 1),
(2631, 660, '#VALUE!', 0, 1),
(2632, 660, '#NAME?', 1, 1),
(2633, 660, '*NAME&', 0, 1),
(2634, 660, '#NAME!', 0, 1),
(2635, 661, 'A1', 0, 1),
(2636, 661, '3B', 0, 1),
(2637, 661, '23', 1, 1),
(2638, 661, 'A123B', 0, 1),
(2639, 662, 'Home', 1, 1),
(2640, 662, 'Page Up', 0, 1),
(2641, 662, 'Page Down', 0, 1),
(2642, 662, 'Ctrl+Home', 0, 1),
(2643, 663, 'Add-Ins', 0, 1),
(2644, 663, 'Data', 1, 1),
(2645, 663, 'Filter', 0, 1),
(2646, 663, 'Edit', 0, 1),
(2647, 664, 'B1...H15', 0, 1),
(2648, 664, 'B1:H15', 1, 1),
(2649, 664, 'B1..H15', 0, 1),
(2650, 664, 'B1-H15', 0, 1),
(2651, 665, 'Data --> Filter…', 0, 1),
(2652, 665, 'Data --> Index…', 0, 1),
(2653, 665, 'Data --> Sort…', 1, 1),
(2654, 665, 'Edit --> Sort', 0, 1),
(2655, 666, 'Alt + Page Down', 1, 1),
(2656, 666, 'Shift+ Page Down', 0, 1),
(2657, 666, 'Ctrl + Page Down', 0, 1),
(2658, 666, 'Shift+ Page Up', 0, 1),
(2659, 667, '30', 0, 1),
(2660, 667, '5', 0, 1),
(2661, 667, '65', 1, 1),
(2662, 667, '110', 0, 1),
(2663, 668, '2008', 0, 1),
(2664, 668, '4', 1, 1),
(2665, 668, '#ERROR', 0, 1),
(2666, 669, '15', 0, 1),
(2667, 669, '#VALUE!', 0, 1),
(2668, 669, '10', 1, 1),
(2669, 669, '#ERROR', 0, 1),
(2670, 670, 'Alt + Page Up', 1, 1),
(2671, 670, 'Ctrl + Page Up', 0, 1),
(2672, 670, 'Shift + Page Up', 0, 1),
(2673, 670, 'Cả A và B', 0, 1),
(2674, 671, 'Lỗi #NUM', 0, 1),
(2675, 671, 'Lỗi #REF', 1, 1),
(2676, 671, 'Lỗi #NA', 0, 1),
(2677, 671, 'Cả A và B', 0, 1),
(2678, 672, 'SUM', 0, 1),
(2679, 672, 'SUMIF', 1, 1),
(2680, 672, 'COUNTIF', 0, 1),
(2681, 672, 'IF', 0, 1),
(2682, 673, '=MOD(số 1, số 2): hàm cho kết quả là phần dư của phép chia', 0, 1),
(2683, 673, '=AVERAGE(số 1, số 2, …): hàm cho kết quả là trung bình cộng của dãy số', 0, 1),
(2684, 673, '=INT(số 1, số 2): hàm cho kết quả là phần nguyên của phép chia', 1, 1),
(2685, 673, '= Max(số 1, số 2, số 3)', 0, 1),
(2686, 674, 'Page Up', 1, 1),
(2687, 674, 'Home', 0, 1),
(2688, 674, 'Page Down', 0, 1),
(2689, 674, 'End', 0, 1),
(2690, 675, '4', 0, 1),
(2691, 675, '. #Name!', 1, 1),
(2692, 675, '2', 0, 1),
(2693, 676, 'Biểu thức gồm tối thiểu hai toán hạng được liên kết bằng một toán tử', 0, 1),
(2694, 676, 'Dấu = rồi đến biểu thức gồm tối thiểu hai toán hạng được liên kết bằng một toán tử', 1, 1),
(2695, 676, 'A và B đều sai', 0, 1),
(2696, 676, 'A và B đều đúng', 0, 1);

-- --------------------------------------------------------

--
-- Structure de la table `tbketquakiemtra`
--

CREATE TABLE `tbketquakiemtra` (
  `ketquakiemtra_id` int(10) UNSIGNED NOT NULL,
  `kiemtra_id` int(11) UNSIGNED DEFAULT NULL,
  `taikhoan_id` int(11) UNSIGNED DEFAULT NULL,
  `xeploai_id` int(11) UNSIGNED DEFAULT NULL,
  `ketquakiemtra_ngaytao` datetime DEFAULT NULL,
  `ketquakiemtra_thoigian` time DEFAULT NULL,
  `ketquakiemtra_caudung` int(11) DEFAULT NULL,
  `ketquakiemtra_tongcauhoi` int(11) DEFAULT NULL,
  `ketquakiemtra_diem` float DEFAULT NULL,
  `ketquakiemtra_trangthai` tinyint(1) DEFAULT NULL
) ENGINE=InnoDB DEFAULT CHARSET=utf8 COLLATE=utf8_unicode_ci;

--
-- Contenu de la table `tbketquakiemtra`
--

INSERT INTO `tbketquakiemtra` (`ketquakiemtra_id`, `kiemtra_id`, `taikhoan_id`, `xeploai_id`, `ketquakiemtra_ngaytao`, `ketquakiemtra_thoigian`, `ketquakiemtra_caudung`, `ketquakiemtra_tongcauhoi`, `ketquakiemtra_diem`, `ketquakiemtra_trangthai`) VALUES
(38, 26, 72, 70, '2017-01-04 08:18:52', '00:02:58', 15, 50, 3, 1),
(39, 26, 67, 70, '2017-01-04 08:18:57', '00:01:56', 10, 50, 2, 1),
(42, 26, 73, 70, '2017-01-04 08:20:02', '00:02:41', 14, 50, 3, 1),
(43, 26, 95, 70, '2017-01-04 08:20:09', '00:04:15', 11, 50, 2, 1),
(45, 26, 105, 70, '2017-01-04 08:20:52', '00:02:07', 6, 50, 1, 1),
(46, 26, 96, 70, '2017-01-04 08:21:02', '00:04:17', 12, 50, 2, 1),
(47, 26, 68, 70, '2017-01-04 08:21:41', '00:04:37', 16, 50, 3, 1),
(48, 26, 92, 69, '2017-01-04 08:22:06', '00:04:16', 18, 50, 4, 1),
(49, 26, 104, 70, '2017-01-04 08:22:44', '00:05:10', 13, 50, 3, 1),
(51, 26, 106, 70, '2017-01-04 08:23:25', '00:07:54', 13, 50, 3, 1),
(52, 26, 102, 70, '2017-01-04 08:25:12', '00:06:35', 7, 50, 1, 1),
(53, 26, 107, 70, '2017-01-04 08:26:09', '00:02:45', 15, 50, 3, 1),
(54, 26, 86, 69, '2017-01-04 08:26:19', '00:07:25', 24, 50, 5, 1),
(55, 26, 99, 70, '2017-01-04 08:26:56', '00:04:39', 5, 50, 1, 1),
(56, 26, 100, 70, '2017-01-04 08:27:12', '00:09:25', 17, 50, 3, 1),
(57, 26, 103, 69, '2017-01-04 08:28:14', '00:09:07', 20, 50, 4, 1),
(58, 26, 108, 69, '2017-01-04 08:28:30', '00:10:45', 21, 50, 4, 1),
(59, 26, 109, 68, '2017-01-04 08:28:35', '00:12:35', 31, 50, 6, 1),
(60, 26, 102, 70, '2017-01-04 08:28:37', '00:03:25', 5, 50, 1, 1),
(61, 26, 85, 69, '2017-01-04 08:28:46', '00:11:57', 18, 50, 4, 1),
(62, 26, 93, 70, '2017-01-04 08:29:43', '00:13:54', 11, 50, 2, 1),
(63, 26, 81, 70, '2017-01-04 08:30:14', '00:11:49', 16, 50, 3, 1),
(64, 26, 37, 70, '2017-01-04 08:30:33', '00:12:03', 13, 50, 3, 1),
(65, 26, 80, 70, '2017-01-04 08:32:19', '00:01:39', 16, 50, 3, 1),
(66, 26, 80, 68, '2017-01-04 08:36:16', '00:11:20', 26, 50, 5, 1),
(67, 26, 74, 69, '2017-01-04 08:36:50', '00:16:07', 23, 50, 5, 1),
(68, 26, 36, 70, '2017-01-04 08:38:30', '00:01:14', 14, 50, 3, 1),
(69, 26, 87, 69, '2017-01-04 08:38:42', '00:17:54', 20, 50, 4, 1),
(70, 26, 110, 67, '2017-01-04 08:49:04', '00:29:27', 34, 50, 7, 1);

-- --------------------------------------------------------

--
-- Structure de la table `tbketquakiemtra_cauhoi`
--

CREATE TABLE `tbketquakiemtra_cauhoi` (
  `ketquakiemtra_id` int(11) UNSIGNED NOT NULL,
  `cauhoi_id` int(11) UNSIGNED NOT NULL,
  `dapan_id` int(10) UNSIGNED DEFAULT NULL,
  `ngaytao` datetime DEFAULT NULL,
  `dapantuluan` text COLLATE utf8_unicode_ci
) ENGINE=InnoDB DEFAULT CHARSET=utf8 COLLATE=utf8_unicode_ci;

--
-- Contenu de la table `tbketquakiemtra_cauhoi`
--

INSERT INTO `tbketquakiemtra_cauhoi` (`ketquakiemtra_id`, `cauhoi_id`, `dapan_id`, `ngaytao`, `dapantuluan`) VALUES
(38, 273, 1089, '2017-01-04 08:01:52', NULL),
(38, 274, 1094, '2017-01-04 08:01:52', NULL),
(38, 275, 1097, '2017-01-04 08:01:52', NULL),
(38, 276, 1103, '2017-01-04 08:01:52', NULL),
(38, 277, 1108, '2017-01-04 08:01:52', NULL),
(38, 293, 1169, '2017-01-04 08:01:52', NULL),
(38, 294, 1174, '2017-01-04 08:01:52', NULL),
(38, 295, 1179, '2017-01-04 08:01:52', NULL),
(38, 296, 1182, '2017-01-04 08:01:52', NULL),
(38, 297, 1185, '2017-01-04 08:01:52', NULL),
(38, 313, 1249, '2017-01-04 08:01:52', NULL),
(38, 314, 1254, '2017-01-04 08:01:52', NULL),
(38, 315, 1257, '2017-01-04 08:01:52', NULL),
(38, 316, 1264, '2017-01-04 08:01:52', NULL),
(38, 317, 1268, '2017-01-04 08:01:52', NULL),
(38, 318, 1271, '2017-01-04 08:01:52', NULL),
(38, 319, 1274, '2017-01-04 08:01:52', NULL),
(38, 320, 1277, '2017-01-04 08:01:52', NULL),
(38, 321, 1284, '2017-01-04 08:01:52', NULL),
(38, 322, 1287, '2017-01-04 08:01:52', NULL),
(38, 344, 1374, '2017-01-04 08:01:52', NULL),
(38, 345, 1379, '2017-01-04 08:01:52', NULL),
(38, 346, NULL, '2017-01-04 08:01:52', NULL),
(38, 347, 1387, '2017-01-04 08:01:52', NULL),
(38, 348, 1392, '2017-01-04 08:01:52', NULL),
(38, 349, 1394, '2017-01-04 08:01:52', NULL),
(38, 350, 1397, '2017-01-04 08:01:52', NULL),
(38, 351, 1403, '2017-01-04 08:01:52', NULL),
(38, 352, 1406, '2017-01-04 08:01:52', NULL),
(38, 353, 1411, '2017-01-04 08:01:52', NULL),
(38, 374, 1490, '2017-01-04 08:01:52', NULL),
(38, 375, 1495, '2017-01-04 08:01:52', NULL),
(38, 376, 1500, '2017-01-04 08:01:52', NULL),
(38, 377, 1502, '2017-01-04 08:01:52', NULL),
(38, 378, 1505, '2017-01-04 08:01:52', NULL),
(38, 379, 1511, '2017-01-04 08:01:52', NULL),
(38, 380, NULL, '2017-01-04 08:01:52', NULL),
(38, 381, 1519, '2017-01-04 08:01:52', NULL),
(38, 382, 1524, '2017-01-04 08:01:52', NULL),
(38, 383, 1528, '2017-01-04 08:01:52', NULL),
(38, 441, 1759, '2017-01-04 08:01:52', NULL),
(38, 442, 1762, '2017-01-04 08:01:52', NULL),
(38, 443, 1765, '2017-01-04 08:01:52', NULL),
(38, 444, 1771, '2017-01-04 08:01:52', NULL),
(38, 445, 1776, '2017-01-04 08:01:52', NULL),
(38, 446, 1778, '2017-01-04 08:01:52', NULL),
(38, 447, 1783, '2017-01-04 08:01:52', NULL),
(38, 448, 1787, '2017-01-04 08:01:52', NULL),
(38, 449, 1792, '2017-01-04 08:01:52', NULL),
(38, 450, 1795, '2017-01-04 08:01:52', NULL),
(39, 273, 1089, '2017-01-04 08:01:57', NULL),
(39, 274, 1095, '2017-01-04 08:01:57', NULL),
(39, 275, 1099, '2017-01-04 08:01:57', NULL),
(39, 276, 1104, '2017-01-04 08:01:57', NULL),
(39, 277, 1106, '2017-01-04 08:01:57', NULL),
(39, 293, 1169, '2017-01-04 08:01:57', NULL),
(39, 294, 1175, '2017-01-04 08:01:57', NULL),
(39, 295, 1180, '2017-01-04 08:01:57', NULL),
(39, 296, 1182, '2017-01-04 08:01:57', NULL),
(39, 297, 1187, '2017-01-04 08:01:57', NULL),
(39, 313, 1250, '2017-01-04 08:01:57', NULL),
(39, 314, 1255, '2017-01-04 08:01:57', NULL),
(39, 315, 1258, '2017-01-04 08:01:57', NULL),
(39, 316, 1261, '2017-01-04 08:01:57', NULL),
(39, 317, 1266, '2017-01-04 08:01:57', NULL),
(39, 318, 1272, '2017-01-04 08:01:57', NULL),
(39, 319, 1276, '2017-01-04 08:01:57', NULL),
(39, 320, 1278, '2017-01-04 08:01:57', NULL),
(39, 321, NULL, '2017-01-04 08:01:57', NULL),
(39, 322, 1285, '2017-01-04 08:01:57', NULL),
(39, 344, 1375, '2017-01-04 08:01:57', NULL),
(39, 345, 1380, '2017-01-04 08:01:57', NULL),
(39, 346, 1382, '2017-01-04 08:01:57', NULL),
(39, 347, 1388, '2017-01-04 08:01:57', NULL),
(39, 348, 1389, '2017-01-04 08:01:57', NULL),
(39, 349, 1394, '2017-01-04 08:01:57', NULL),
(39, 350, 1400, '2017-01-04 08:01:57', NULL),
(39, 351, 1403, '2017-01-04 08:01:57', NULL),
(39, 352, 1405, '2017-01-04 08:01:57', NULL),
(39, 353, 1411, '2017-01-04 08:01:57', NULL),
(39, 374, 1490, '2017-01-04 08:01:57', NULL),
(39, 375, 1493, '2017-01-04 08:01:57', NULL),
(39, 376, 1499, '2017-01-04 08:01:57', NULL),
(39, 377, 1503, '2017-01-04 08:01:57', NULL),
(39, 378, 1506, '2017-01-04 08:01:57', NULL),
(39, 379, 1509, '2017-01-04 08:01:57', NULL),
(39, 380, 1516, '2017-01-04 08:01:57', NULL),
(39, 381, 1519, '2017-01-04 08:01:57', NULL),
(39, 382, 1522, '2017-01-04 08:01:57', NULL),
(39, 383, 1526, '2017-01-04 08:01:57', NULL),
(39, 441, 1759, '2017-01-04 08:01:57', NULL),
(39, 442, 1761, '2017-01-04 08:01:57', NULL),
(39, 443, NULL, '2017-01-04 08:01:57', NULL),
(39, 444, 1770, '2017-01-04 08:01:57', NULL),
(39, 445, 1775, '2017-01-04 08:01:57', NULL),
(39, 446, 1780, '2017-01-04 08:01:57', NULL),
(39, 447, 1782, '2017-01-04 08:01:57', NULL),
(39, 448, 1787, '2017-01-04 08:01:57', NULL),
(39, 449, 1792, '2017-01-04 08:01:57', NULL),
(39, 450, 1796, '2017-01-04 08:01:57', NULL),
(42, 273, 1089, '2017-01-04 08:01:02', NULL),
(42, 274, 1094, '2017-01-04 08:01:02', NULL),
(42, 275, 1099, '2017-01-04 08:01:02', NULL),
(42, 276, 1104, '2017-01-04 08:01:02', NULL),
(42, 277, 1105, '2017-01-04 08:01:02', NULL),
(42, 293, 1170, '2017-01-04 08:01:02', NULL),
(42, 294, 1175, '2017-01-04 08:01:02', NULL),
(42, 295, 1177, '2017-01-04 08:01:02', NULL),
(42, 296, 1184, '2017-01-04 08:01:02', NULL),
(42, 297, 1187, '2017-01-04 08:01:02', NULL),
(42, 313, 1250, '2017-01-04 08:01:02', NULL),
(42, 314, 1253, '2017-01-04 08:01:02', NULL),
(42, 315, 1260, '2017-01-04 08:01:02', NULL),
(42, 316, 1263, '2017-01-04 08:01:02', NULL),
(42, 317, 1266, '2017-01-04 08:01:02', NULL),
(42, 318, 1272, '2017-01-04 08:01:02', NULL),
(42, 319, 1274, '2017-01-04 08:01:02', NULL),
(42, 320, 1277, '2017-01-04 08:01:02', NULL),
(42, 321, 1283, '2017-01-04 08:01:02', NULL),
(42, 322, 1288, '2017-01-04 08:01:02', NULL),
(42, 344, 1374, '2017-01-04 08:01:02', NULL),
(42, 345, 1379, '2017-01-04 08:01:02', NULL),
(42, 346, 1384, '2017-01-04 08:01:02', NULL),
(42, 347, 1386, '2017-01-04 08:01:02', NULL),
(42, 348, 1389, '2017-01-04 08:01:02', NULL),
(42, 349, 1395, '2017-01-04 08:01:02', NULL),
(42, 350, 1398, '2017-01-04 08:01:02', NULL),
(42, 351, 1403, '2017-01-04 08:01:02', NULL),
(42, 352, 1406, '2017-01-04 08:01:02', NULL),
(42, 353, 1411, '2017-01-04 08:01:02', NULL),
(42, 374, 1489, '2017-01-04 08:01:02', NULL),
(42, 375, 1494, '2017-01-04 08:01:02', NULL),
(42, 376, NULL, '2017-01-04 08:01:02', NULL),
(42, 377, 1502, '2017-01-04 08:01:02', NULL),
(42, 378, 1507, '2017-01-04 08:01:02', NULL),
(42, 379, 1509, '2017-01-04 08:01:02', NULL),
(42, 380, 1516, '2017-01-04 08:01:02', NULL),
(42, 381, 1519, '2017-01-04 08:01:02', NULL),
(42, 382, NULL, '2017-01-04 08:01:02', NULL),
(42, 383, 1527, '2017-01-04 08:01:02', NULL),
(42, 441, 1757, '2017-01-04 08:01:02', NULL),
(42, 442, 1764, '2017-01-04 08:01:02', NULL),
(42, 443, 1768, '2017-01-04 08:01:02', NULL),
(42, 444, 1771, '2017-01-04 08:01:02', NULL),
(42, 445, 1774, '2017-01-04 08:01:02', NULL),
(42, 446, 1780, '2017-01-04 08:01:02', NULL),
(42, 447, 1781, '2017-01-04 08:01:02', NULL),
(42, 448, 1787, '2017-01-04 08:01:02', NULL),
(42, 449, 1791, '2017-01-04 08:01:02', NULL),
(42, 450, 1794, '2017-01-04 08:01:02', NULL),
(43, 273, 1091, '2017-01-04 08:01:09', NULL),
(43, 274, 1093, '2017-01-04 08:01:09', NULL),
(43, 275, 1099, '2017-01-04 08:01:09', NULL),
(43, 276, 1103, '2017-01-04 08:01:09', NULL),
(43, 277, 1108, '2017-01-04 08:01:09', NULL),
(43, 293, 1169, '2017-01-04 08:01:09', NULL),
(43, 294, 1175, '2017-01-04 08:01:09', NULL),
(43, 295, 1180, '2017-01-04 08:01:09', NULL),
(43, 296, 1183, '2017-01-04 08:01:09', NULL),
(43, 297, 1186, '2017-01-04 08:01:09', NULL),
(43, 313, 1251, '2017-01-04 08:01:09', NULL),
(43, 314, 1254, '2017-01-04 08:01:09', NULL),
(43, 315, 1260, '2017-01-04 08:01:09', NULL),
(43, 316, 1261, '2017-01-04 08:01:09', NULL),
(43, 317, 1268, '2017-01-04 08:01:09', NULL),
(43, 318, 1270, '2017-01-04 08:01:09', NULL),
(43, 319, 1273, '2017-01-04 08:01:09', NULL),
(43, 320, 1280, '2017-01-04 08:01:09', NULL),
(43, 321, 1282, '2017-01-04 08:01:09', NULL),
(43, 322, 1287, '2017-01-04 08:01:09', NULL),
(43, 344, 1376, '2017-01-04 08:01:09', NULL),
(43, 345, 1377, '2017-01-04 08:01:09', NULL),
(43, 346, NULL, '2017-01-04 08:01:09', NULL),
(43, 347, 1387, '2017-01-04 08:01:09', NULL),
(43, 348, 1392, '2017-01-04 08:01:09', NULL),
(43, 349, 1395, '2017-01-04 08:01:09', NULL),
(43, 350, 1398, '2017-01-04 08:01:09', NULL),
(43, 351, 1404, '2017-01-04 08:01:09', NULL),
(43, 352, 1406, '2017-01-04 08:01:09', NULL),
(43, 353, 1411, '2017-01-04 08:01:09', NULL),
(43, 374, 1489, '2017-01-04 08:01:09', NULL),
(43, 375, NULL, '2017-01-04 08:01:09', NULL),
(43, 376, 1499, '2017-01-04 08:01:09', NULL),
(43, 377, 1504, '2017-01-04 08:01:09', NULL),
(43, 378, 1506, '2017-01-04 08:01:09', NULL),
(43, 379, 1511, '2017-01-04 08:01:09', NULL),
(43, 380, 1513, '2017-01-04 08:01:09', NULL),
(43, 381, 1520, '2017-01-04 08:01:09', NULL),
(43, 382, 1523, '2017-01-04 08:01:09', NULL),
(43, 383, 1528, '2017-01-04 08:01:09', NULL),
(43, 441, 1758, '2017-01-04 08:01:09', NULL),
(43, 442, NULL, '2017-01-04 08:01:09', NULL),
(43, 443, 1766, '2017-01-04 08:01:09', NULL),
(43, 444, NULL, '2017-01-04 08:01:09', NULL),
(43, 445, 1773, '2017-01-04 08:01:09', NULL),
(43, 446, 1780, '2017-01-04 08:01:09', NULL),
(43, 447, 1782, '2017-01-04 08:01:09', NULL),
(43, 448, 1788, '2017-01-04 08:01:09', NULL),
(43, 449, 1790, '2017-01-04 08:01:09', NULL),
(43, 450, 1795, '2017-01-04 08:01:09', NULL),
(45, 273, 1089, '2017-01-04 08:01:52', NULL),
(45, 274, 1094, '2017-01-04 08:01:52', NULL),
(45, 275, 1099, '2017-01-04 08:01:52', NULL),
(45, 276, 1103, '2017-01-04 08:01:52', NULL),
(45, 277, 1106, '2017-01-04 08:01:52', NULL),
(45, 293, 1169, '2017-01-04 08:01:52', NULL),
(45, 294, 1175, '2017-01-04 08:01:52', NULL),
(45, 295, NULL, '2017-01-04 08:01:52', NULL),
(45, 296, NULL, '2017-01-04 08:01:52', NULL),
(45, 297, NULL, '2017-01-04 08:01:52', NULL),
(45, 313, NULL, '2017-01-04 08:01:52', NULL),
(45, 314, NULL, '2017-01-04 08:01:52', NULL),
(45, 315, NULL, '2017-01-04 08:01:52', NULL),
(45, 316, NULL, '2017-01-04 08:01:52', NULL),
(45, 317, NULL, '2017-01-04 08:01:52', NULL),
(45, 318, NULL, '2017-01-04 08:01:52', NULL),
(45, 319, NULL, '2017-01-04 08:01:52', NULL),
(45, 320, NULL, '2017-01-04 08:01:52', NULL),
(45, 321, NULL, '2017-01-04 08:01:52', NULL),
(45, 322, NULL, '2017-01-04 08:01:52', NULL),
(45, 344, NULL, '2017-01-04 08:01:52', NULL),
(45, 345, NULL, '2017-01-04 08:01:52', NULL),
(45, 346, NULL, '2017-01-04 08:01:52', NULL),
(45, 347, NULL, '2017-01-04 08:01:52', NULL),
(45, 348, NULL, '2017-01-04 08:01:52', NULL),
(45, 349, NULL, '2017-01-04 08:01:52', NULL),
(45, 350, NULL, '2017-01-04 08:01:52', NULL),
(45, 351, NULL, '2017-01-04 08:01:52', NULL),
(45, 352, NULL, '2017-01-04 08:01:52', NULL),
(45, 353, NULL, '2017-01-04 08:01:52', NULL),
(45, 374, NULL, '2017-01-04 08:01:52', NULL),
(45, 375, NULL, '2017-01-04 08:01:52', NULL),
(45, 376, NULL, '2017-01-04 08:01:52', NULL),
(45, 377, NULL, '2017-01-04 08:01:52', NULL),
(45, 378, NULL, '2017-01-04 08:01:52', NULL),
(45, 379, NULL, '2017-01-04 08:01:52', NULL),
(45, 380, NULL, '2017-01-04 08:01:52', NULL),
(45, 381, NULL, '2017-01-04 08:01:52', NULL),
(45, 382, NULL, '2017-01-04 08:01:52', NULL),
(45, 383, NULL, '2017-01-04 08:01:52', NULL),
(45, 441, NULL, '2017-01-04 08:01:52', NULL),
(45, 442, NULL, '2017-01-04 08:01:52', NULL),
(45, 443, 1767, '2017-01-04 08:01:52', NULL),
(45, 444, NULL, '2017-01-04 08:01:52', NULL),
(45, 445, NULL, '2017-01-04 08:01:52', NULL),
(45, 446, NULL, '2017-01-04 08:01:52', NULL),
(45, 447, NULL, '2017-01-04 08:01:52', NULL),
(45, 448, NULL, '2017-01-04 08:01:52', NULL),
(45, 449, NULL, '2017-01-04 08:01:52', NULL),
(45, 450, NULL, '2017-01-04 08:01:52', NULL),
(46, 273, 1091, '2017-01-04 08:01:02', NULL),
(46, 274, 1096, '2017-01-04 08:01:02', NULL),
(46, 275, 1100, '2017-01-04 08:01:02', NULL),
(46, 276, 1101, '2017-01-04 08:01:02', NULL),
(46, 277, 1108, '2017-01-04 08:01:02', NULL),
(46, 293, 1169, '2017-01-04 08:01:02', NULL),
(46, 294, 1175, '2017-01-04 08:01:02', NULL),
(46, 295, 1180, '2017-01-04 08:01:02', NULL),
(46, 296, 1183, '2017-01-04 08:01:02', NULL),
(46, 297, NULL, '2017-01-04 08:01:02', NULL),
(46, 313, 1252, '2017-01-04 08:01:02', NULL),
(46, 314, 1255, '2017-01-04 08:01:02', NULL),
(46, 315, 1258, '2017-01-04 08:01:02', NULL),
(46, 316, 1263, '2017-01-04 08:01:02', NULL),
(46, 317, 1265, '2017-01-04 08:01:02', NULL),
(46, 318, 1270, '2017-01-04 08:01:02', NULL),
(46, 319, 1276, '2017-01-04 08:01:02', NULL),
(46, 320, 1280, '2017-01-04 08:01:02', NULL),
(46, 321, 1282, '2017-01-04 08:01:02', NULL),
(46, 322, 1285, '2017-01-04 08:01:02', NULL),
(46, 344, 1374, '2017-01-04 08:01:02', NULL),
(46, 345, 1380, '2017-01-04 08:01:02', NULL),
(46, 346, 1384, '2017-01-04 08:01:02', NULL),
(46, 347, 1387, '2017-01-04 08:01:02', NULL),
(46, 348, 1392, '2017-01-04 08:01:02', NULL),
(46, 349, 1395, '2017-01-04 08:01:02', NULL),
(46, 350, 1397, '2017-01-04 08:01:02', NULL),
(46, 351, 1404, '2017-01-04 08:01:02', NULL),
(46, 352, 1407, '2017-01-04 08:01:02', NULL),
(46, 353, 1410, '2017-01-04 08:01:02', NULL),
(46, 374, 1492, '2017-01-04 08:01:02', NULL),
(46, 375, 1496, '2017-01-04 08:01:02', NULL),
(46, 376, 1498, '2017-01-04 08:01:02', NULL),
(46, 377, 1504, '2017-01-04 08:01:02', NULL),
(46, 378, 1505, '2017-01-04 08:01:02', NULL),
(46, 379, 1511, '2017-01-04 08:01:02', NULL),
(46, 380, 1516, '2017-01-04 08:01:02', NULL),
(46, 381, 1517, '2017-01-04 08:01:02', NULL),
(46, 382, 1523, '2017-01-04 08:01:02', NULL),
(46, 383, 1528, '2017-01-04 08:01:02', NULL),
(46, 441, 1757, '2017-01-04 08:01:02', NULL),
(46, 442, 1763, '2017-01-04 08:01:02', NULL),
(46, 443, 1767, '2017-01-04 08:01:02', NULL),
(46, 444, 1770, '2017-01-04 08:01:02', NULL),
(46, 445, 1776, '2017-01-04 08:01:02', NULL),
(46, 446, 1778, '2017-01-04 08:01:02', NULL),
(46, 447, 1783, '2017-01-04 08:01:02', NULL),
(46, 448, 1788, '2017-01-04 08:01:02', NULL),
(46, 449, 1792, '2017-01-04 08:01:02', NULL),
(46, 450, 1796, '2017-01-04 08:01:02', NULL),
(47, 273, 1090, '2017-01-04 08:01:41', NULL),
(47, 274, 1094, '2017-01-04 08:01:41', NULL),
(47, 275, 1097, '2017-01-04 08:01:41', NULL),
(47, 276, 1103, '2017-01-04 08:01:41', NULL),
(47, 277, 1107, '2017-01-04 08:01:41', NULL),
(47, 293, 1171, '2017-01-04 08:01:41', NULL),
(47, 294, 1173, '2017-01-04 08:01:41', NULL),
(47, 295, 1180, '2017-01-04 08:01:41', NULL),
(47, 296, 1184, '2017-01-04 08:01:41', NULL),
(47, 297, 1185, '2017-01-04 08:01:41', NULL),
(47, 313, 1251, '2017-01-04 08:01:41', NULL),
(47, 314, 1256, '2017-01-04 08:01:41', NULL),
(47, 315, 1257, '2017-01-04 08:01:41', NULL),
(47, 316, 1263, '2017-01-04 08:01:41', NULL),
(47, 317, 1268, '2017-01-04 08:01:41', NULL),
(47, 318, 1269, '2017-01-04 08:01:41', NULL),
(47, 319, 1275, '2017-01-04 08:01:41', NULL),
(47, 320, 1280, '2017-01-04 08:01:41', NULL),
(47, 321, 1281, '2017-01-04 08:01:41', NULL),
(47, 322, 1285, '2017-01-04 08:01:41', NULL),
(47, 344, 1373, '2017-01-04 08:01:41', NULL),
(47, 345, 1377, '2017-01-04 08:01:41', NULL),
(47, 346, 1383, '2017-01-04 08:01:41', NULL),
(47, 347, 1388, '2017-01-04 08:01:41', NULL),
(47, 348, 1389, '2017-01-04 08:01:41', NULL),
(47, 349, 1394, '2017-01-04 08:01:41', NULL),
(47, 350, 1400, '2017-01-04 08:01:41', NULL),
(47, 351, 1404, '2017-01-04 08:01:41', NULL),
(47, 352, 1405, '2017-01-04 08:01:41', NULL),
(47, 353, 1409, '2017-01-04 08:01:41', NULL),
(47, 374, 1489, '2017-01-04 08:01:41', NULL),
(47, 375, 1496, '2017-01-04 08:01:41', NULL),
(47, 376, 1498, '2017-01-04 08:01:41', NULL),
(47, 377, 1502, '2017-01-04 08:01:41', NULL),
(47, 378, 1505, '2017-01-04 08:01:41', NULL),
(47, 379, 1511, '2017-01-04 08:01:41', NULL),
(47, 380, 1516, '2017-01-04 08:01:41', NULL),
(47, 381, 1520, '2017-01-04 08:01:41', NULL),
(47, 382, 1523, '2017-01-04 08:01:41', NULL),
(47, 383, 1525, '2017-01-04 08:01:41', NULL),
(47, 441, 1760, '2017-01-04 08:01:41', NULL),
(47, 442, 1764, '2017-01-04 08:01:41', NULL),
(47, 443, 1767, '2017-01-04 08:01:41', NULL),
(47, 444, 1772, '2017-01-04 08:01:41', NULL),
(47, 445, 1776, '2017-01-04 08:01:41', NULL),
(47, 446, 1778, '2017-01-04 08:01:41', NULL),
(47, 447, 1783, '2017-01-04 08:01:41', NULL),
(47, 448, 1788, '2017-01-04 08:01:41', NULL),
(47, 449, 1792, '2017-01-04 08:01:41', NULL),
(47, 450, 1796, '2017-01-04 08:01:41', NULL),
(48, 273, 1089, '2017-01-04 08:01:06', NULL),
(48, 274, 1094, '2017-01-04 08:01:06', NULL),
(48, 275, 1097, '2017-01-04 08:01:06', NULL),
(48, 276, 1103, '2017-01-04 08:01:06', NULL),
(48, 277, 1105, '2017-01-04 08:01:06', NULL),
(48, 293, 1169, '2017-01-04 08:01:06', NULL),
(48, 294, 1174, '2017-01-04 08:01:06', NULL),
(48, 295, 1179, '2017-01-04 08:01:06', NULL),
(48, 296, 1182, '2017-01-04 08:01:06', NULL),
(48, 297, 1188, '2017-01-04 08:01:06', NULL),
(48, 313, 1252, '2017-01-04 08:01:06', NULL),
(48, 314, 1255, '2017-01-04 08:01:06', NULL),
(48, 315, 1259, '2017-01-04 08:01:06', NULL),
(48, 316, 1263, '2017-01-04 08:01:06', NULL),
(48, 317, 1267, '2017-01-04 08:01:06', NULL),
(48, 318, 1272, '2017-01-04 08:01:06', NULL),
(48, 319, 1275, '2017-01-04 08:01:06', NULL),
(48, 320, 1279, '2017-01-04 08:01:06', NULL),
(48, 321, 1283, '2017-01-04 08:01:06', NULL),
(48, 322, 1286, '2017-01-04 08:01:06', NULL),
(48, 344, 1373, '2017-01-04 08:01:06', NULL),
(48, 345, 1377, '2017-01-04 08:01:06', NULL),
(48, 346, 1383, '2017-01-04 08:01:06', NULL),
(48, 347, 1386, '2017-01-04 08:01:06', NULL),
(48, 348, 1391, '2017-01-04 08:01:06', NULL),
(48, 349, 1394, '2017-01-04 08:01:06', NULL),
(48, 350, 1397, '2017-01-04 08:01:06', NULL),
(48, 351, 1403, '2017-01-04 08:01:06', NULL),
(48, 352, 1406, '2017-01-04 08:01:06', NULL),
(48, 353, 1411, '2017-01-04 08:01:06', NULL),
(48, 374, 1491, '2017-01-04 08:01:06', NULL),
(48, 375, 1495, '2017-01-04 08:01:06', NULL),
(48, 376, 1498, '2017-01-04 08:01:06', NULL),
(48, 377, 1503, '2017-01-04 08:01:06', NULL),
(48, 378, 1505, '2017-01-04 08:01:06', NULL),
(48, 379, 1512, '2017-01-04 08:01:06', NULL),
(48, 380, 1516, '2017-01-04 08:01:06', NULL),
(48, 381, 1519, '2017-01-04 08:01:06', NULL),
(48, 382, 1524, '2017-01-04 08:01:06', NULL),
(48, 383, 1528, '2017-01-04 08:01:06', NULL),
(48, 441, 1759, '2017-01-04 08:01:06', NULL),
(48, 442, 1763, '2017-01-04 08:01:06', NULL),
(48, 443, NULL, '2017-01-04 08:01:06', NULL),
(48, 444, 1771, '2017-01-04 08:01:06', NULL),
(48, 445, 1776, '2017-01-04 08:01:06', NULL),
(48, 446, 1779, '2017-01-04 08:01:06', NULL),
(48, 447, 1784, '2017-01-04 08:01:06', NULL),
(48, 448, 1786, '2017-01-04 08:01:06', NULL),
(48, 449, 1790, '2017-01-04 08:01:06', NULL),
(48, 450, 1794, '2017-01-04 08:01:06', NULL),
(49, 273, 1090, '2017-01-04 08:01:44', NULL),
(49, 274, 1093, '2017-01-04 08:01:44', NULL),
(49, 275, 1097, '2017-01-04 08:01:44', NULL),
(49, 276, 1103, '2017-01-04 08:01:44', NULL),
(49, 277, 1108, '2017-01-04 08:01:44', NULL),
(49, 293, 1169, '2017-01-04 08:01:44', NULL),
(49, 294, 1174, '2017-01-04 08:01:44', NULL),
(49, 295, 1180, '2017-01-04 08:01:44', NULL),
(49, 296, 1183, '2017-01-04 08:01:44', NULL),
(49, 297, 1186, '2017-01-04 08:01:44', NULL),
(49, 313, 1252, '2017-01-04 08:01:44', NULL),
(49, 314, 1256, '2017-01-04 08:01:44', NULL),
(49, 315, 1260, '2017-01-04 08:01:44', NULL),
(49, 316, 1263, '2017-01-04 08:01:44', NULL),
(49, 317, 1267, '2017-01-04 08:01:44', NULL),
(49, 318, 1269, '2017-01-04 08:01:44', NULL),
(49, 319, 1273, '2017-01-04 08:01:44', NULL),
(49, 320, 1280, '2017-01-04 08:01:44', NULL),
(49, 321, 1282, '2017-01-04 08:01:44', NULL),
(49, 322, 1286, '2017-01-04 08:01:44', NULL),
(49, 344, 1375, '2017-01-04 08:01:44', NULL),
(49, 345, 1377, '2017-01-04 08:01:44', NULL),
(49, 346, 1382, '2017-01-04 08:01:44', NULL),
(49, 347, 1386, '2017-01-04 08:01:44', NULL),
(49, 348, 1390, '2017-01-04 08:01:44', NULL),
(49, 349, 1394, '2017-01-04 08:01:44', NULL),
(49, 350, 1399, '2017-01-04 08:01:44', NULL),
(49, 351, 1403, '2017-01-04 08:01:44', NULL),
(49, 352, 1407, '2017-01-04 08:01:44', NULL),
(49, 353, 1411, '2017-01-04 08:01:44', NULL),
(49, 374, 1490, '2017-01-04 08:01:44', NULL),
(49, 375, 1495, '2017-01-04 08:01:44', NULL),
(49, 376, 1499, '2017-01-04 08:01:44', NULL),
(49, 377, 1503, '2017-01-04 08:01:44', NULL),
(49, 378, 1507, '2017-01-04 08:01:44', NULL),
(49, 379, 1511, '2017-01-04 08:01:44', NULL),
(49, 380, 1516, '2017-01-04 08:01:44', NULL),
(49, 381, 1518, '2017-01-04 08:01:44', NULL),
(49, 382, 1523, '2017-01-04 08:01:44', NULL),
(49, 383, 1528, '2017-01-04 08:01:44', NULL),
(49, 441, 1758, '2017-01-04 08:01:44', NULL),
(49, 442, 1763, '2017-01-04 08:01:44', NULL),
(49, 443, 1768, '2017-01-04 08:01:44', NULL),
(49, 444, 1771, '2017-01-04 08:01:44', NULL),
(49, 445, 1775, '2017-01-04 08:01:44', NULL),
(49, 446, 1780, '2017-01-04 08:01:44', NULL),
(49, 447, 1782, '2017-01-04 08:01:44', NULL),
(49, 448, 1787, '2017-01-04 08:01:44', NULL),
(49, 449, 1789, '2017-01-04 08:01:44', NULL),
(49, 450, 1794, '2017-01-04 08:01:44', NULL),
(51, 273, 1089, '2017-01-04 08:01:25', NULL),
(51, 274, 1096, '2017-01-04 08:01:25', NULL),
(51, 275, 1098, '2017-01-04 08:01:25', NULL),
(51, 276, 1103, '2017-01-04 08:01:25', NULL),
(51, 277, 1108, '2017-01-04 08:01:25', NULL),
(51, 293, 1171, '2017-01-04 08:01:25', NULL),
(51, 294, 1173, '2017-01-04 08:01:25', NULL),
(51, 295, 1179, '2017-01-04 08:01:25', NULL),
(51, 296, 1184, '2017-01-04 08:01:25', NULL),
(51, 297, 1186, '2017-01-04 08:01:25', NULL),
(51, 313, 1251, '2017-01-04 08:01:25', NULL),
(51, 314, 1254, '2017-01-04 08:01:25', NULL),
(51, 315, 1259, '2017-01-04 08:01:25', NULL),
(51, 316, 1263, '2017-01-04 08:01:25', NULL),
(51, 317, 1268, '2017-01-04 08:01:25', NULL),
(51, 318, 1270, '2017-01-04 08:01:25', NULL),
(51, 319, 1275, '2017-01-04 08:01:25', NULL),
(51, 320, 1280, '2017-01-04 08:01:25', NULL),
(51, 321, 1284, '2017-01-04 08:01:25', NULL),
(51, 322, 1288, '2017-01-04 08:01:25', NULL),
(51, 344, 1375, '2017-01-04 08:01:25', NULL),
(51, 345, 1380, '2017-01-04 08:01:25', NULL),
(51, 346, 1384, '2017-01-04 08:01:25', NULL),
(51, 347, 1388, '2017-01-04 08:01:25', NULL),
(51, 348, 1391, '2017-01-04 08:01:25', NULL),
(51, 349, 1394, '2017-01-04 08:01:25', NULL),
(51, 350, 1397, '2017-01-04 08:01:25', NULL),
(51, 351, 1404, '2017-01-04 08:01:25', NULL),
(51, 352, 1406, '2017-01-04 08:01:25', NULL),
(51, 353, 1410, '2017-01-04 08:01:25', NULL),
(51, 374, 1492, '2017-01-04 08:01:25', NULL),
(51, 375, 1493, '2017-01-04 08:01:25', NULL),
(51, 376, 1500, '2017-01-04 08:01:25', NULL),
(51, 377, 1502, '2017-01-04 08:01:25', NULL),
(51, 378, 1508, '2017-01-04 08:01:25', NULL),
(51, 379, 1509, '2017-01-04 08:01:25', NULL),
(51, 380, 1515, '2017-01-04 08:01:25', NULL),
(51, 381, 1520, '2017-01-04 08:01:25', NULL),
(51, 382, 1524, '2017-01-04 08:01:25', NULL),
(51, 383, 1526, '2017-01-04 08:01:25', NULL),
(51, 441, 1759, '2017-01-04 08:01:25', NULL),
(51, 442, 1764, '2017-01-04 08:01:25', NULL),
(51, 443, 1768, '2017-01-04 08:01:25', NULL),
(51, 444, 1770, '2017-01-04 08:01:25', NULL),
(51, 445, 1776, '2017-01-04 08:01:25', NULL),
(51, 446, 1777, '2017-01-04 08:01:25', NULL),
(51, 447, 1782, '2017-01-04 08:01:25', NULL),
(51, 448, 1787, '2017-01-04 08:01:25', NULL),
(51, 449, 1792, '2017-01-04 08:01:25', NULL),
(51, 450, 1794, '2017-01-04 08:01:25', NULL),
(52, 273, 1089, '2017-01-04 08:01:12', NULL),
(52, 274, 1095, '2017-01-04 08:01:12', NULL),
(52, 275, 1100, '2017-01-04 08:01:12', NULL),
(52, 276, 1103, '2017-01-04 08:01:12', NULL),
(52, 277, 1108, '2017-01-04 08:01:12', NULL),
(52, 293, 1172, '2017-01-04 08:01:12', NULL),
(52, 294, 1173, '2017-01-04 08:01:12', NULL),
(52, 295, 1179, '2017-01-04 08:01:12', NULL),
(52, 296, 1182, '2017-01-04 08:01:12', NULL),
(52, 297, 1188, '2017-01-04 08:01:12', NULL),
(52, 313, 1250, '2017-01-04 08:01:12', NULL),
(52, 314, 1253, '2017-01-04 08:01:12', NULL),
(52, 315, 1260, '2017-01-04 08:01:12', NULL),
(52, 316, 1263, '2017-01-04 08:01:12', NULL),
(52, 317, 1268, '2017-01-04 08:01:12', NULL),
(52, 318, 1270, '2017-01-04 08:01:12', NULL),
(52, 319, NULL, '2017-01-04 08:01:12', NULL),
(52, 320, 1277, '2017-01-04 08:01:12', NULL),
(52, 321, 1284, '2017-01-04 08:01:12', NULL),
(52, 322, NULL, '2017-01-04 08:01:12', NULL),
(52, 344, 1376, '2017-01-04 08:01:12', NULL),
(52, 345, 1380, '2017-01-04 08:01:12', NULL),
(52, 346, NULL, '2017-01-04 08:01:12', NULL),
(52, 347, 1386, '2017-01-04 08:01:12', NULL),
(52, 348, 1390, '2017-01-04 08:01:12', NULL),
(52, 349, 1396, '2017-01-04 08:01:12', NULL),
(52, 350, 1399, '2017-01-04 08:01:12', NULL),
(52, 351, 1402, '2017-01-04 08:01:12', NULL),
(52, 352, 1408, '2017-01-04 08:01:12', NULL),
(52, 353, 1411, '2017-01-04 08:01:12', NULL),
(52, 374, 1490, '2017-01-04 08:01:12', NULL),
(52, 375, 1495, '2017-01-04 08:01:12', NULL),
(52, 376, 1500, '2017-01-04 08:01:12', NULL),
(52, 377, 1504, '2017-01-04 08:01:12', NULL),
(52, 378, 1508, '2017-01-04 08:01:12', NULL),
(52, 379, 1511, '2017-01-04 08:01:12', NULL),
(52, 380, 1513, '2017-01-04 08:01:12', NULL),
(52, 381, 1520, '2017-01-04 08:01:12', NULL),
(52, 382, 1524, '2017-01-04 08:01:12', NULL),
(52, 383, 1526, '2017-01-04 08:01:12', NULL),
(52, 441, 1759, '2017-01-04 08:01:12', NULL),
(52, 442, 1762, '2017-01-04 08:01:12', NULL),
(52, 443, 1767, '2017-01-04 08:01:12', NULL),
(52, 444, 1772, '2017-01-04 08:01:12', NULL),
(52, 445, 1774, '2017-01-04 08:01:12', NULL),
(52, 446, 1779, '2017-01-04 08:01:12', NULL),
(52, 447, 1784, '2017-01-04 08:01:12', NULL),
(52, 448, 1785, '2017-01-04 08:01:12', NULL),
(52, 449, 1792, '2017-01-04 08:01:12', NULL),
(52, 450, 1796, '2017-01-04 08:01:12', NULL),
(53, 273, 1091, '2017-01-04 08:01:09', NULL),
(53, 274, 1096, '2017-01-04 08:01:09', NULL),
(53, 275, 1099, '2017-01-04 08:01:09', NULL),
(53, 276, 1104, '2017-01-04 08:01:09', NULL),
(53, 277, 1106, '2017-01-04 08:01:09', NULL),
(53, 293, 1169, '2017-01-04 08:01:09', NULL),
(53, 294, 1176, '2017-01-04 08:01:09', NULL),
(53, 295, 1180, '2017-01-04 08:01:09', NULL),
(53, 296, 1183, '2017-01-04 08:01:09', NULL),
(53, 297, 1186, '2017-01-04 08:01:09', NULL),
(53, 313, 1249, '2017-01-04 08:01:09', NULL),
(53, 314, 1254, '2017-01-04 08:01:09', NULL),
(53, 315, 1259, '2017-01-04 08:01:09', NULL),
(53, 316, 1263, '2017-01-04 08:01:09', NULL),
(53, 317, 1268, '2017-01-04 08:01:09', NULL),
(53, 318, 1271, '2017-01-04 08:01:09', NULL),
(53, 319, 1274, '2017-01-04 08:01:09', NULL),
(53, 320, 1278, '2017-01-04 08:01:09', NULL),
(53, 321, 1282, '2017-01-04 08:01:09', NULL),
(53, 322, 1287, '2017-01-04 08:01:09', NULL),
(53, 344, 1376, '2017-01-04 08:01:09', NULL),
(53, 345, 1380, '2017-01-04 08:01:09', NULL),
(53, 346, 1382, '2017-01-04 08:01:09', NULL),
(53, 347, 1385, '2017-01-04 08:01:09', NULL),
(53, 348, 1390, '2017-01-04 08:01:09', NULL),
(53, 349, 1395, '2017-01-04 08:01:09', NULL),
(53, 350, 1399, '2017-01-04 08:01:09', NULL),
(53, 351, 1404, '2017-01-04 08:01:09', NULL),
(53, 352, NULL, '2017-01-04 08:01:09', NULL),
(53, 353, 1410, '2017-01-04 08:01:09', NULL),
(53, 374, 1491, '2017-01-04 08:01:09', NULL),
(53, 375, 1495, '2017-01-04 08:01:09', NULL),
(53, 376, 1500, '2017-01-04 08:01:09', NULL),
(53, 377, 1504, '2017-01-04 08:01:09', NULL),
(53, 378, 1505, '2017-01-04 08:01:09', NULL),
(53, 379, 1510, '2017-01-04 08:01:09', NULL),
(53, 380, 1515, '2017-01-04 08:01:09', NULL),
(53, 381, 1518, '2017-01-04 08:01:09', NULL),
(53, 382, 1522, '2017-01-04 08:01:09', NULL),
(53, 383, 1527, '2017-01-04 08:01:09', NULL),
(53, 441, 1759, '2017-01-04 08:01:09', NULL),
(53, 442, 1763, '2017-01-04 08:01:09', NULL),
(53, 443, 1767, '2017-01-04 08:01:09', NULL),
(53, 444, 1772, '2017-01-04 08:01:09', NULL),
(53, 445, 1776, '2017-01-04 08:01:09', NULL),
(53, 446, 1777, '2017-01-04 08:01:09', NULL),
(53, 447, 1781, '2017-01-04 08:01:09', NULL),
(53, 448, 1787, '2017-01-04 08:01:09', NULL),
(53, 449, 1790, '2017-01-04 08:01:09', NULL),
(53, 450, 1794, '2017-01-04 08:01:09', NULL),
(54, 273, 1089, '2017-01-04 08:01:19', NULL),
(54, 274, 1094, '2017-01-04 08:01:19', NULL),
(54, 275, 1099, '2017-01-04 08:01:19', NULL),
(54, 276, 1103, '2017-01-04 08:01:19', NULL),
(54, 277, 1108, '2017-01-04 08:01:19', NULL),
(54, 293, 1169, '2017-01-04 08:01:19', NULL),
(54, 294, 1174, '2017-01-04 08:01:19', NULL),
(54, 295, 1179, '2017-01-04 08:01:19', NULL),
(54, 296, 1183, '2017-01-04 08:01:19', NULL),
(54, 297, 1185, '2017-01-04 08:01:19', NULL),
(54, 313, 1249, '2017-01-04 08:01:19', NULL),
(54, 314, 1254, '2017-01-04 08:01:19', NULL),
(54, 315, 1259, '2017-01-04 08:01:19', NULL),
(54, 316, 1263, '2017-01-04 08:01:19', NULL),
(54, 317, 1267, '2017-01-04 08:01:19', NULL),
(54, 318, 1270, '2017-01-04 08:01:19', NULL),
(54, 319, 1275, '2017-01-04 08:01:19', NULL),
(54, 320, 1280, '2017-01-04 08:01:19', NULL),
(54, 321, 1282, '2017-01-04 08:01:19', NULL),
(54, 322, 1288, '2017-01-04 08:01:19', NULL),
(54, 344, 1373, '2017-01-04 08:01:19', NULL),
(54, 345, 1378, '2017-01-04 08:01:19', NULL),
(54, 346, 1384, '2017-01-04 08:01:19', NULL),
(54, 347, 1388, '2017-01-04 08:01:19', NULL),
(54, 348, 1389, '2017-01-04 08:01:19', NULL),
(54, 349, 1393, '2017-01-04 08:01:19', NULL),
(54, 350, 1398, '2017-01-04 08:01:19', NULL),
(54, 351, 1404, '2017-01-04 08:01:19', NULL),
(54, 352, 1407, '2017-01-04 08:01:19', NULL),
(54, 353, 1410, '2017-01-04 08:01:19', NULL),
(54, 374, 1491, '2017-01-04 08:01:19', NULL),
(54, 375, 1494, '2017-01-04 08:01:19', NULL),
(54, 376, 1499, '2017-01-04 08:01:19', NULL),
(54, 377, 1503, '2017-01-04 08:01:19', NULL),
(54, 378, 1506, '2017-01-04 08:01:19', NULL),
(54, 379, 1511, '2017-01-04 08:01:19', NULL),
(54, 380, 1516, '2017-01-04 08:01:19', NULL),
(54, 381, 1519, '2017-01-04 08:01:19', NULL),
(54, 382, 1523, '2017-01-04 08:01:19', NULL),
(54, 383, 1527, '2017-01-04 08:01:19', NULL),
(54, 441, 1760, '2017-01-04 08:01:19', NULL),
(54, 442, 1763, '2017-01-04 08:01:19', NULL),
(54, 443, 1767, '2017-01-04 08:01:19', NULL),
(54, 444, 1771, '2017-01-04 08:01:19', NULL),
(54, 445, 1775, '2017-01-04 08:01:19', NULL),
(54, 446, 1777, '2017-01-04 08:01:19', NULL),
(54, 447, 1784, '2017-01-04 08:01:19', NULL),
(54, 448, 1786, '2017-01-04 08:01:19', NULL),
(54, 449, 1789, '2017-01-04 08:01:19', NULL),
(54, 450, 1795, '2017-01-04 08:01:19', NULL),
(55, 273, 1089, '2017-01-04 08:01:56', NULL),
(55, 274, 1093, '2017-01-04 08:01:56', NULL),
(55, 275, 1098, '2017-01-04 08:01:56', NULL),
(55, 276, 1103, '2017-01-04 08:01:56', NULL),
(55, 277, 1105, '2017-01-04 08:01:56', NULL),
(55, 293, 1169, '2017-01-04 08:01:56', NULL),
(55, 294, 1176, '2017-01-04 08:01:56', NULL),
(55, 295, 1177, '2017-01-04 08:01:56', NULL),
(55, 296, 1181, '2017-01-04 08:01:56', NULL),
(55, 297, 1185, '2017-01-04 08:01:56', NULL),
(55, 313, 1252, '2017-01-04 08:01:56', NULL),
(55, 314, 1256, '2017-01-04 08:01:56', NULL),
(55, 315, 1260, '2017-01-04 08:01:56', NULL),
(55, 316, 1264, '2017-01-04 08:01:56', NULL),
(55, 317, 1268, '2017-01-04 08:01:56', NULL),
(55, 318, 1272, '2017-01-04 08:01:56', NULL),
(55, 319, 1276, '2017-01-04 08:01:56', NULL),
(55, 320, 1280, '2017-01-04 08:01:56', NULL),
(55, 321, 1284, '2017-01-04 08:01:56', NULL),
(55, 322, 1288, '2017-01-04 08:01:56', NULL),
(55, 344, 1376, '2017-01-04 08:01:56', NULL),
(55, 345, 1380, '2017-01-04 08:01:56', NULL),
(55, 346, 1384, '2017-01-04 08:01:56', NULL),
(55, 347, NULL, '2017-01-04 08:01:56', NULL),
(55, 348, 1392, '2017-01-04 08:01:56', NULL),
(55, 349, 1396, '2017-01-04 08:01:56', NULL),
(55, 350, 1400, '2017-01-04 08:01:56', NULL),
(55, 351, 1404, '2017-01-04 08:01:56', NULL),
(55, 352, 1408, '2017-01-04 08:01:56', NULL),
(55, 353, 1411, '2017-01-04 08:01:56', NULL),
(55, 374, 1492, '2017-01-04 08:01:56', NULL),
(55, 375, 1496, '2017-01-04 08:01:56', NULL),
(55, 376, 1500, '2017-01-04 08:01:56', NULL),
(55, 377, 1504, '2017-01-04 08:01:56', NULL),
(55, 378, 1508, '2017-01-04 08:01:56', NULL),
(55, 379, 1512, '2017-01-04 08:01:56', NULL),
(55, 380, 1516, '2017-01-04 08:01:56', NULL),
(55, 381, 1520, '2017-01-04 08:01:56', NULL),
(55, 382, 1524, '2017-01-04 08:01:56', NULL),
(55, 383, 1528, '2017-01-04 08:01:56', NULL),
(55, 441, 1760, '2017-01-04 08:01:56', NULL),
(55, 442, 1764, '2017-01-04 08:01:56', NULL),
(55, 443, 1768, '2017-01-04 08:01:56', NULL),
(55, 444, 1772, '2017-01-04 08:01:56', NULL),
(55, 445, 1776, '2017-01-04 08:01:56', NULL),
(55, 446, 1780, '2017-01-04 08:01:56', NULL),
(55, 447, 1784, '2017-01-04 08:01:56', NULL),
(55, 448, NULL, '2017-01-04 08:01:56', NULL),
(55, 449, 1792, '2017-01-04 08:01:56', NULL),
(55, 450, 1796, '2017-01-04 08:01:56', NULL),
(56, 273, 1090, '2017-01-04 08:01:12', NULL),
(56, 274, 1095, '2017-01-04 08:01:12', NULL),
(56, 275, 1099, '2017-01-04 08:01:12', NULL),
(56, 276, 1103, '2017-01-04 08:01:12', NULL),
(56, 277, 1105, '2017-01-04 08:01:12', NULL),
(56, 293, 1172, '2017-01-04 08:01:12', NULL),
(56, 294, 1175, '2017-01-04 08:01:12', NULL),
(56, 295, 1180, '2017-01-04 08:01:12', NULL),
(56, 296, 1184, '2017-01-04 08:01:12', NULL),
(56, 297, 1188, '2017-01-04 08:01:12', NULL),
(56, 313, 1252, '2017-01-04 08:01:12', NULL),
(56, 314, 1254, '2017-01-04 08:01:12', NULL),
(56, 315, 1259, '2017-01-04 08:01:12', NULL),
(56, 316, 1263, '2017-01-04 08:01:12', NULL),
(56, 317, 1268, '2017-01-04 08:01:12', NULL),
(56, 318, 1270, '2017-01-04 08:01:12', NULL),
(56, 319, 1275, '2017-01-04 08:01:12', NULL),
(56, 320, 1279, '2017-01-04 08:01:12', NULL),
(56, 321, 1283, '2017-01-04 08:01:12', NULL),
(56, 322, NULL, '2017-01-04 08:01:12', NULL),
(56, 344, 1374, '2017-01-04 08:01:12', NULL),
(56, 345, 1378, '2017-01-04 08:01:12', NULL),
(56, 346, 1384, '2017-01-04 08:01:12', NULL),
(56, 347, 1388, '2017-01-04 08:01:12', NULL),
(56, 348, 1392, '2017-01-04 08:01:12', NULL),
(56, 349, 1394, '2017-01-04 08:01:12', NULL),
(56, 350, 1399, '2017-01-04 08:01:12', NULL),
(56, 351, 1404, '2017-01-04 08:01:12', NULL),
(56, 352, 1405, '2017-01-04 08:01:12', NULL),
(56, 353, 1411, '2017-01-04 08:01:12', NULL),
(56, 374, 1492, '2017-01-04 08:01:12', NULL),
(56, 375, 1493, '2017-01-04 08:01:12', NULL),
(56, 376, 1500, '2017-01-04 08:01:12', NULL),
(56, 377, 1503, '2017-01-04 08:01:12', NULL),
(56, 378, 1508, '2017-01-04 08:01:12', NULL),
(56, 379, 1511, '2017-01-04 08:01:12', NULL),
(56, 380, 1516, '2017-01-04 08:01:12', NULL),
(56, 381, 1518, '2017-01-04 08:01:12', NULL),
(56, 382, 1523, '2017-01-04 08:01:12', NULL),
(56, 383, 1528, '2017-01-04 08:01:12', NULL),
(56, 441, 1759, '2017-01-04 08:01:12', NULL),
(56, 442, 1762, '2017-01-04 08:01:12', NULL),
(56, 443, 1767, '2017-01-04 08:01:12', NULL),
(56, 444, 1771, '2017-01-04 08:01:12', NULL),
(56, 445, 1774, '2017-01-04 08:01:12', NULL),
(56, 446, 1778, '2017-01-04 08:01:12', NULL),
(56, 447, 1783, '2017-01-04 08:01:12', NULL),
(56, 448, 1787, '2017-01-04 08:01:12', NULL),
(56, 449, 1792, '2017-01-04 08:01:12', NULL),
(56, 450, 1793, '2017-01-04 08:01:12', NULL),
(57, 273, 1089, '2017-01-04 08:01:14', NULL),
(57, 274, 1094, '2017-01-04 08:01:14', NULL),
(57, 275, 1098, '2017-01-04 08:01:14', NULL),
(57, 276, 1101, '2017-01-04 08:01:14', NULL),
(57, 277, 1108, '2017-01-04 08:01:14', NULL),
(57, 293, 1169, '2017-01-04 08:01:14', NULL),
(57, 294, 1176, '2017-01-04 08:01:14', NULL),
(57, 295, 1178, '2017-01-04 08:01:14', NULL),
(57, 296, 1183, '2017-01-04 08:01:14', NULL),
(57, 297, 1187, '2017-01-04 08:01:14', NULL),
(57, 313, 1252, '2017-01-04 08:01:14', NULL),
(57, 314, 1254, '2017-01-04 08:01:14', NULL),
(57, 315, 1259, '2017-01-04 08:01:14', NULL),
(57, 316, 1263, '2017-01-04 08:01:14', NULL),
(57, 317, 1268, '2017-01-04 08:01:14', NULL),
(57, 318, 1269, '2017-01-04 08:01:14', NULL),
(57, 319, 1275, '2017-01-04 08:01:14', NULL),
(57, 320, 1278, '2017-01-04 08:01:14', NULL),
(57, 321, 1283, '2017-01-04 08:01:14', NULL),
(57, 322, 1286, '2017-01-04 08:01:14', NULL),
(57, 344, 1373, '2017-01-04 08:01:14', NULL),
(57, 345, 1378, '2017-01-04 08:01:14', NULL),
(57, 346, 1384, '2017-01-04 08:01:14', NULL),
(57, 347, 1387, '2017-01-04 08:01:14', NULL),
(57, 348, 1392, '2017-01-04 08:01:14', NULL),
(57, 349, 1393, '2017-01-04 08:01:14', NULL),
(57, 350, 1400, '2017-01-04 08:01:14', NULL),
(57, 351, 1404, '2017-01-04 08:01:14', NULL),
(57, 352, 1407, '2017-01-04 08:01:14', NULL),
(57, 353, 1410, '2017-01-04 08:01:14', NULL),
(57, 374, 1491, '2017-01-04 08:01:14', NULL),
(57, 375, 1494, '2017-01-04 08:01:14', NULL),
(57, 376, 1500, '2017-01-04 08:01:14', NULL),
(57, 377, 1502, '2017-01-04 08:01:14', NULL),
(57, 378, 1505, '2017-01-04 08:01:14', NULL),
(57, 379, 1510, '2017-01-04 08:01:14', NULL),
(57, 380, 1513, '2017-01-04 08:01:14', NULL),
(57, 381, 1520, '2017-01-04 08:01:14', NULL),
(57, 382, 1522, '2017-01-04 08:01:14', NULL),
(57, 383, 1525, '2017-01-04 08:01:14', NULL),
(57, 441, 1760, '2017-01-04 08:01:14', NULL),
(57, 442, 1764, '2017-01-04 08:01:14', NULL),
(57, 443, 1767, '2017-01-04 08:01:14', NULL),
(57, 444, 1770, '2017-01-04 08:01:14', NULL),
(57, 445, 1775, '2017-01-04 08:01:14', NULL),
(57, 446, 1777, '2017-01-04 08:01:14', NULL),
(57, 447, 1783, '2017-01-04 08:01:14', NULL),
(57, 448, 1785, '2017-01-04 08:01:14', NULL),
(57, 449, 1792, '2017-01-04 08:01:14', NULL),
(57, 450, 1796, '2017-01-04 08:01:14', NULL),
(58, 273, 1090, '2017-01-04 08:01:30', NULL),
(58, 274, 1093, '2017-01-04 08:01:30', NULL),
(58, 275, 1098, '2017-01-04 08:01:30', NULL),
(58, 276, 1103, '2017-01-04 08:01:30', NULL),
(58, 277, 1108, '2017-01-04 08:01:30', NULL),
(58, 293, 1169, '2017-01-04 08:01:30', NULL),
(58, 294, 1176, '2017-01-04 08:01:30', NULL),
(58, 295, 1178, '2017-01-04 08:01:30', NULL),
(58, 296, 1184, '2017-01-04 08:01:30', NULL),
(58, 297, 1188, '2017-01-04 08:01:30', NULL),
(58, 313, 1249, '2017-01-04 08:01:30', NULL),
(58, 314, 1256, '2017-01-04 08:01:30', NULL),
(58, 315, 1257, '2017-01-04 08:01:30', NULL),
(58, 316, 1263, '2017-01-04 08:01:30', NULL),
(58, 317, 1268, '2017-01-04 08:01:30', NULL),
(58, 318, 1270, '2017-01-04 08:01:30', NULL),
(58, 319, 1275, '2017-01-04 08:01:30', NULL),
(58, 320, 1278, '2017-01-04 08:01:30', NULL),
(58, 321, 1284, '2017-01-04 08:01:30', NULL),
(58, 322, 1286, '2017-01-04 08:01:30', NULL),
(58, 344, 1373, '2017-01-04 08:01:30', NULL),
(58, 345, 1378, '2017-01-04 08:01:30', NULL),
(58, 346, 1382, '2017-01-04 08:01:30', NULL),
(58, 347, 1387, '2017-01-04 08:01:30', NULL),
(58, 348, 1389, '2017-01-04 08:01:30', NULL),
(58, 349, 1395, '2017-01-04 08:01:30', NULL),
(58, 350, 1400, '2017-01-04 08:01:30', NULL),
(58, 351, 1404, '2017-01-04 08:01:30', NULL),
(58, 352, 1405, '2017-01-04 08:01:30', NULL),
(58, 353, 1409, '2017-01-04 08:01:30', NULL),
(58, 374, 1490, '2017-01-04 08:01:30', NULL),
(58, 375, 1495, '2017-01-04 08:01:30', NULL),
(58, 376, 1497, '2017-01-04 08:01:30', NULL),
(58, 377, 1502, '2017-01-04 08:01:30', NULL),
(58, 378, 1505, '2017-01-04 08:01:30', NULL),
(58, 379, 1509, '2017-01-04 08:01:30', NULL),
(58, 380, 1515, '2017-01-04 08:01:30', NULL),
(58, 381, 1518, '2017-01-04 08:01:30', NULL),
(58, 382, 1521, '2017-01-04 08:01:30', NULL),
(58, 383, 1525, '2017-01-04 08:01:30', NULL),
(58, 441, 1760, '2017-01-04 08:01:30', NULL),
(58, 442, 1764, '2017-01-04 08:01:30', NULL),
(58, 443, 1768, '2017-01-04 08:01:30', NULL),
(58, 444, 1771, '2017-01-04 08:01:30', NULL),
(58, 445, 1775, '2017-01-04 08:01:30', NULL),
(58, 446, 1778, '2017-01-04 08:01:30', NULL),
(58, 447, 1783, '2017-01-04 08:01:30', NULL),
(58, 448, 1788, '2017-01-04 08:01:30', NULL),
(58, 449, 1789, '2017-01-04 08:01:30', NULL),
(58, 450, 1795, '2017-01-04 08:01:30', NULL),
(59, 273, 1089, '2017-01-04 08:01:35', NULL),
(59, 274, 1094, '2017-01-04 08:01:35', NULL),
(59, 275, 1098, '2017-01-04 08:01:35', NULL),
(59, 276, 1103, '2017-01-04 08:01:35', NULL),
(59, 277, 1107, '2017-01-04 08:01:35', NULL),
(59, 293, 1169, '2017-01-04 08:01:35', NULL),
(59, 294, 1175, '2017-01-04 08:01:35', NULL),
(59, 295, 1177, '2017-01-04 08:01:35', NULL),
(59, 296, 1183, '2017-01-04 08:01:35', NULL),
(59, 297, 1187, '2017-01-04 08:01:35', NULL),
(59, 313, 1249, '2017-01-04 08:01:35', NULL),
(59, 314, 1253, '2017-01-04 08:01:35', NULL),
(59, 315, 1259, '2017-01-04 08:01:35', NULL),
(59, 316, 1263, '2017-01-04 08:01:35', NULL),
(59, 317, 1266, '2017-01-04 08:01:35', NULL),
(59, 318, 1271, '2017-01-04 08:01:35', NULL),
(59, 319, 1275, '2017-01-04 08:01:35', NULL),
(59, 320, 1277, '2017-01-04 08:01:35', NULL),
(59, 321, 1281, '2017-01-04 08:01:35', NULL),
(59, 322, 1287, '2017-01-04 08:01:35', NULL),
(59, 344, 1373, '2017-01-04 08:01:35', NULL),
(59, 345, 1380, '2017-01-04 08:01:35', NULL),
(59, 346, 1384, '2017-01-04 08:01:35', NULL),
(59, 347, 1387, '2017-01-04 08:01:35', NULL),
(59, 348, 1392, '2017-01-04 08:01:35', NULL),
(59, 349, 1395, '2017-01-04 08:01:35', NULL),
(59, 350, 1398, '2017-01-04 08:01:35', NULL),
(59, 351, 1404, '2017-01-04 08:01:35', NULL),
(59, 352, 1405, '2017-01-04 08:01:35', NULL),
(59, 353, 1409, '2017-01-04 08:01:35', NULL),
(59, 374, 1489, '2017-01-04 08:01:35', NULL),
(59, 375, 1494, '2017-01-04 08:01:35', NULL),
(59, 376, 1499, '2017-01-04 08:01:35', NULL),
(59, 377, 1503, '2017-01-04 08:01:35', NULL),
(59, 378, 1505, '2017-01-04 08:01:35', NULL),
(59, 379, 1509, '2017-01-04 08:01:35', NULL),
(59, 380, 1515, '2017-01-04 08:01:35', NULL),
(59, 381, 1518, '2017-01-04 08:01:35', NULL),
(59, 382, 1521, '2017-01-04 08:01:35', NULL),
(59, 383, 1526, '2017-01-04 08:01:35', NULL),
(59, 441, 1760, '2017-01-04 08:01:35', NULL),
(59, 442, 1764, '2017-01-04 08:01:35', NULL),
(59, 443, 1767, '2017-01-04 08:01:35', NULL),
(59, 444, 1771, '2017-01-04 08:01:35', NULL),
(59, 445, 1775, '2017-01-04 08:01:35', NULL),
(59, 446, 1778, '2017-01-04 08:01:35', NULL),
(59, 447, 1783, '2017-01-04 08:01:35', NULL),
(59, 448, 1788, '2017-01-04 08:01:35', NULL),
(59, 449, 1791, '2017-01-04 08:01:35', NULL),
(59, 450, 1795, '2017-01-04 08:01:35', NULL),
(60, 273, NULL, '2017-01-04 08:01:37', NULL),
(60, 274, NULL, '2017-01-04 08:01:37', NULL),
(60, 275, 1097, '2017-01-04 08:01:37', NULL),
(60, 276, 1104, '2017-01-04 08:01:37', NULL),
(60, 277, 1108, '2017-01-04 08:01:37', NULL),
(60, 293, 1172, '2017-01-04 08:01:37', NULL),
(60, 294, 1176, '2017-01-04 08:01:37', NULL),
(60, 295, NULL, '2017-01-04 08:01:37', NULL),
(60, 296, NULL, '2017-01-04 08:01:37', NULL),
(60, 297, NULL, '2017-01-04 08:01:37', NULL),
(60, 313, 1252, '2017-01-04 08:01:37', NULL),
(60, 314, 1256, '2017-01-04 08:01:37', NULL),
(60, 315, 1260, '2017-01-04 08:01:37', NULL),
(60, 316, 1264, '2017-01-04 08:01:37', NULL),
(60, 317, 1268, '2017-01-04 08:01:37', NULL),
(60, 318, 1272, '2017-01-04 08:01:37', NULL),
(60, 319, 1276, '2017-01-04 08:01:37', NULL),
(60, 320, 1280, '2017-01-04 08:01:37', NULL),
(60, 321, 1284, '2017-01-04 08:01:37', NULL),
(60, 322, 1288, '2017-01-04 08:01:37', NULL),
(60, 344, 1376, '2017-01-04 08:01:37', NULL),
(60, 345, 1380, '2017-01-04 08:01:37', NULL),
(60, 346, 1383, '2017-01-04 08:01:37', NULL),
(60, 347, 1386, '2017-01-04 08:01:37', NULL),
(60, 348, 1389, '2017-01-04 08:01:37', NULL),
(60, 349, 1394, '2017-01-04 08:01:37', NULL),
(60, 350, 1399, '2017-01-04 08:01:37', NULL),
(60, 351, 1403, '2017-01-04 08:01:37', NULL),
(60, 352, 1408, '2017-01-04 08:01:37', NULL),
(60, 353, 1411, '2017-01-04 08:01:37', NULL),
(60, 374, 1492, '2017-01-04 08:01:37', NULL),
(60, 375, 1494, '2017-01-04 08:01:37', NULL),
(60, 376, 1500, '2017-01-04 08:01:37', NULL),
(60, 377, 1504, '2017-01-04 08:01:37', NULL),
(60, 378, 1508, '2017-01-04 08:01:37', NULL),
(60, 379, 1512, '2017-01-04 08:01:37', NULL),
(60, 380, 1516, '2017-01-04 08:01:37', NULL),
(60, 381, 1520, '2017-01-04 08:01:37', NULL),
(60, 382, 1524, '2017-01-04 08:01:37', NULL),
(60, 383, 1528, '2017-01-04 08:01:37', NULL),
(60, 441, 1760, '2017-01-04 08:01:37', NULL),
(60, 442, 1764, '2017-01-04 08:01:37', NULL),
(60, 443, 1768, '2017-01-04 08:01:37', NULL),
(60, 444, 1772, '2017-01-04 08:01:37', NULL),
(60, 445, 1776, '2017-01-04 08:01:37', NULL),
(60, 446, 1780, '2017-01-04 08:01:37', NULL),
(60, 447, 1784, '2017-01-04 08:01:37', NULL),
(60, 448, 1788, '2017-01-04 08:01:37', NULL),
(60, 449, 1792, '2017-01-04 08:01:37', NULL),
(60, 450, 1796, '2017-01-04 08:01:37', NULL),
(61, 273, 1089, '2017-01-04 08:01:46', NULL),
(61, 274, 1094, '2017-01-04 08:01:46', NULL),
(61, 275, 1098, '2017-01-04 08:01:46', NULL),
(61, 276, 1103, '2017-01-04 08:01:46', NULL),
(61, 277, NULL, '2017-01-04 08:01:46', NULL),
(61, 293, 1169, '2017-01-04 08:01:46', NULL),
(61, 294, 1176, '2017-01-04 08:01:46', NULL),
(61, 295, 1177, '2017-01-04 08:01:46', NULL),
(61, 296, 1184, '2017-01-04 08:01:46', NULL),
(61, 297, 1185, '2017-01-04 08:01:46', NULL),
(61, 313, 1251, '2017-01-04 08:01:46', NULL),
(61, 314, NULL, '2017-01-04 08:01:46', NULL),
(61, 315, 1257, '2017-01-04 08:01:46', NULL),
(61, 316, 1263, '2017-01-04 08:01:46', NULL),
(61, 317, 1266, '2017-01-04 08:01:46', NULL),
(61, 318, 1271, '2017-01-04 08:01:46', NULL),
(61, 319, 1274, '2017-01-04 08:01:46', NULL),
(61, 320, 1277, '2017-01-04 08:01:46', NULL),
(61, 321, 1283, '2017-01-04 08:01:46', NULL),
(61, 322, 1286, '2017-01-04 08:01:46', NULL),
(61, 344, 1373, '2017-01-04 08:01:46', NULL),
(61, 345, 1380, '2017-01-04 08:01:46', NULL),
(61, 346, 1381, '2017-01-04 08:01:46', NULL),
(61, 347, NULL, '2017-01-04 08:01:46', NULL),
(61, 348, 1390, '2017-01-04 08:01:46', NULL),
(61, 349, 1394, '2017-01-04 08:01:46', NULL),
(61, 350, 1400, '2017-01-04 08:01:46', NULL),
(61, 351, 1404, '2017-01-04 08:01:46', NULL),
(61, 352, 1405, '2017-01-04 08:01:46', NULL),
(61, 353, 1411, '2017-01-04 08:01:46', NULL),
(61, 374, 1490, '2017-01-04 08:01:46', NULL),
(61, 375, 1494, '2017-01-04 08:01:46', NULL),
(61, 376, 1500, '2017-01-04 08:01:46', NULL),
(61, 377, 1501, '2017-01-04 08:01:46', NULL),
(61, 378, 1505, '2017-01-04 08:01:46', NULL),
(61, 379, 1510, '2017-01-04 08:01:46', NULL),
(61, 380, 1514, '2017-01-04 08:01:46', NULL),
(61, 381, 1519, '2017-01-04 08:01:46', NULL),
(61, 382, 1522, '2017-01-04 08:01:46', NULL),
(61, 383, 1527, '2017-01-04 08:01:46', NULL),
(61, 441, 1760, '2017-01-04 08:01:46', NULL),
(61, 442, 1764, '2017-01-04 08:01:46', NULL),
(61, 443, 1765, '2017-01-04 08:01:46', NULL),
(61, 444, 1770, '2017-01-04 08:01:46', NULL),
(61, 445, 1774, '2017-01-04 08:01:46', NULL),
(61, 446, 1778, '2017-01-04 08:01:46', NULL),
(61, 447, 1783, '2017-01-04 08:01:46', NULL),
(61, 448, 1786, '2017-01-04 08:01:46', NULL),
(61, 449, 1789, '2017-01-04 08:01:46', NULL),
(61, 450, 1793, '2017-01-04 08:01:46', NULL),
(62, 273, 1092, '2017-01-04 08:01:43', NULL),
(62, 274, 1095, '2017-01-04 08:01:43', NULL),
(62, 275, 1099, '2017-01-04 08:01:43', NULL),
(62, 276, 1104, '2017-01-04 08:01:43', NULL),
(62, 277, 1108, '2017-01-04 08:01:43', NULL),
(62, 293, 1170, '2017-01-04 08:01:43', NULL),
(62, 294, 1175, '2017-01-04 08:01:43', NULL),
(62, 295, 1180, '2017-01-04 08:01:43', NULL),
(62, 296, 1181, '2017-01-04 08:01:43', NULL),
(62, 297, 1188, '2017-01-04 08:01:43', NULL),
(62, 313, 1252, '2017-01-04 08:01:43', NULL),
(62, 314, 1254, '2017-01-04 08:01:43', NULL),
(62, 315, 1258, '2017-01-04 08:01:43', NULL),
(62, 316, 1262, '2017-01-04 08:01:43', NULL),
(62, 317, 1268, '2017-01-04 08:01:43', NULL),
(62, 318, 1271, '2017-01-04 08:01:43', NULL),
(62, 319, 1276, '2017-01-04 08:01:43', NULL),
(62, 320, 1278, '2017-01-04 08:01:43', NULL),
(62, 321, 1281, '2017-01-04 08:01:43', NULL),
(62, 322, 1288, '2017-01-04 08:01:43', NULL),
(62, 344, 1373, '2017-01-04 08:01:43', NULL),
(62, 345, 1378, '2017-01-04 08:01:43', NULL),
(62, 346, 1384, '2017-01-04 08:01:43', NULL),
(62, 347, 1388, '2017-01-04 08:01:43', NULL),
(62, 348, 1392, '2017-01-04 08:01:43', NULL),
(62, 349, 1394, '2017-01-04 08:01:43', NULL),
(62, 350, 1400, '2017-01-04 08:01:43', NULL),
(62, 351, 1404, '2017-01-04 08:01:43', NULL),
(62, 352, 1406, '2017-01-04 08:01:43', NULL),
(62, 353, 1411, '2017-01-04 08:01:43', NULL),
(62, 374, 1490, '2017-01-04 08:01:43', NULL),
(62, 375, 1495, '2017-01-04 08:01:43', NULL),
(62, 376, 1500, '2017-01-04 08:01:43', NULL),
(62, 377, 1502, '2017-01-04 08:01:43', NULL),
(62, 378, 1506, '2017-01-04 08:01:43', NULL),
(62, 379, 1510, '2017-01-04 08:01:43', NULL),
(62, 380, 1516, '2017-01-04 08:01:43', NULL),
(62, 381, 1520, '2017-01-04 08:01:43', NULL),
(62, 382, 1523, '2017-01-04 08:01:43', NULL),
(62, 383, 1528, '2017-01-04 08:01:43', NULL),
(62, 441, 1760, '2017-01-04 08:01:43', NULL),
(62, 442, 1764, '2017-01-04 08:01:43', NULL),
(62, 443, 1767, '2017-01-04 08:01:43', NULL),
(62, 444, 1772, '2017-01-04 08:01:43', NULL),
(62, 445, 1774, '2017-01-04 08:01:43', NULL),
(62, 446, 1778, '2017-01-04 08:01:43', NULL),
(62, 447, 1784, '2017-01-04 08:01:43', NULL),
(62, 448, 1786, '2017-01-04 08:01:43', NULL),
(62, 449, 1792, '2017-01-04 08:01:43', NULL),
(62, 450, 1796, '2017-01-04 08:01:43', NULL),
(63, 273, 1089, '2017-01-04 08:01:14', NULL),
(63, 274, 1094, '2017-01-04 08:01:14', NULL),
(63, 275, 1097, '2017-01-04 08:01:14', NULL),
(63, 276, 1103, '2017-01-04 08:01:14', NULL),
(63, 277, 1106, '2017-01-04 08:01:14', NULL),
(63, 293, 1169, '2017-01-04 08:01:14', NULL),
(63, 294, 1174, '2017-01-04 08:01:14', NULL),
(63, 295, 1180, '2017-01-04 08:01:14', NULL),
(63, 296, 1184, '2017-01-04 08:01:14', NULL),
(63, 297, 1185, '2017-01-04 08:01:14', NULL),
(63, 313, 1249, '2017-01-04 08:01:14', NULL),
(63, 314, 1254, '2017-01-04 08:01:14', NULL),
(63, 315, 1257, '2017-01-04 08:01:14', NULL),
(63, 316, 1263, '2017-01-04 08:01:14', NULL),
(63, 317, 1266, '2017-01-04 08:01:14', NULL),
(63, 318, 1270, '2017-01-04 08:01:14', NULL),
(63, 319, 1274, '2017-01-04 08:01:14', NULL),
(63, 320, 1280, '2017-01-04 08:01:14', NULL),
(63, 321, 1284, '2017-01-04 08:01:14', NULL),
(63, 322, 1287, '2017-01-04 08:01:14', NULL),
(63, 344, 1373, '2017-01-04 08:01:14', NULL),
(63, 345, 1380, '2017-01-04 08:01:14', NULL),
(63, 346, 1384, '2017-01-04 08:01:14', NULL),
(63, 347, 1385, '2017-01-04 08:01:14', NULL),
(63, 348, 1389, '2017-01-04 08:01:14', NULL),
(63, 349, 1393, '2017-01-04 08:01:14', NULL),
(63, 350, 1399, '2017-01-04 08:01:14', NULL),
(63, 351, 1404, '2017-01-04 08:01:14', NULL),
(63, 352, 1407, '2017-01-04 08:01:14', NULL),
(63, 353, 1411, '2017-01-04 08:01:14', NULL),
(63, 374, 1491, '2017-01-04 08:01:14', NULL),
(63, 375, 1495, '2017-01-04 08:01:14', NULL),
(63, 376, 1498, '2017-01-04 08:01:14', NULL),
(63, 377, 1503, '2017-01-04 08:01:14', NULL),
(63, 378, 1506, '2017-01-04 08:01:14', NULL),
(63, 379, 1511, '2017-01-04 08:01:14', NULL),
(63, 380, 1516, '2017-01-04 08:01:14', NULL),
(63, 381, NULL, '2017-01-04 08:01:14', NULL),
(63, 382, NULL, '2017-01-04 08:01:14', NULL),
(63, 383, 1528, '2017-01-04 08:01:14', NULL),
(63, 441, 1759, '2017-01-04 08:01:14', NULL),
(63, 442, 1764, '2017-01-04 08:01:14', NULL),
(63, 443, NULL, '2017-01-04 08:01:14', NULL),
(63, 444, 1772, '2017-01-04 08:01:14', NULL),
(63, 445, 1776, '2017-01-04 08:01:14', NULL),
(63, 446, 1778, '2017-01-04 08:01:14', NULL),
(63, 447, 1783, '2017-01-04 08:01:14', NULL),
(63, 448, 1788, '2017-01-04 08:01:14', NULL),
(63, 449, 1790, '2017-01-04 08:01:14', NULL),
(63, 450, 1794, '2017-01-04 08:01:14', NULL),
(64, 273, 1091, '2017-01-04 08:01:33', NULL),
(64, 274, 1093, '2017-01-04 08:01:33', NULL),
(64, 275, 1097, '2017-01-04 08:01:33', NULL),
(64, 276, 1104, '2017-01-04 08:01:33', NULL),
(64, 277, 1107, '2017-01-04 08:01:33', NULL),
(64, 293, 1171, '2017-01-04 08:01:33', NULL),
(64, 294, 1176, '2017-01-04 08:01:33', NULL),
(64, 295, 1177, '2017-01-04 08:01:33', NULL),
(64, 296, 1183, '2017-01-04 08:01:33', NULL),
(64, 297, 1185, '2017-01-04 08:01:33', NULL),
(64, 313, 1250, '2017-01-04 08:01:33', NULL),
(64, 314, 1254, '2017-01-04 08:01:33', NULL),
(64, 315, 1257, '2017-01-04 08:01:33', NULL),
(64, 316, 1263, '2017-01-04 08:01:33', NULL),
(64, 317, 1265, '2017-01-04 08:01:33', NULL),
(64, 318, 1270, '2017-01-04 08:01:33', NULL),
(64, 319, 1274, '2017-01-04 08:01:33', NULL),
(64, 320, 1278, '2017-01-04 08:01:33', NULL),
(64, 321, 1282, '2017-01-04 08:01:33', NULL),
(64, 322, 1288, '2017-01-04 08:01:33', NULL),
(64, 344, 1373, '2017-01-04 08:01:33', NULL),
(64, 345, 1380, '2017-01-04 08:01:33', NULL),
(64, 346, 1381, '2017-01-04 08:01:33', NULL),
(64, 347, 1386, '2017-01-04 08:01:33', NULL),
(64, 348, 1390, '2017-01-04 08:01:33', NULL),
(64, 349, 1393, '2017-01-04 08:01:33', NULL),
(64, 350, 1400, '2017-01-04 08:01:33', NULL),
(64, 351, 1404, '2017-01-04 08:01:33', NULL),
(64, 352, 1405, '2017-01-04 08:01:33', NULL),
(64, 353, 1409, '2017-01-04 08:01:33', NULL),
(64, 374, 1489, '2017-01-04 08:01:33', NULL),
(64, 375, 1496, '2017-01-04 08:01:33', NULL),
(64, 376, 1499, '2017-01-04 08:01:33', NULL);
INSERT INTO `tbketquakiemtra_cauhoi` (`ketquakiemtra_id`, `cauhoi_id`, `dapan_id`, `ngaytao`, `dapantuluan`) VALUES
(64, 377, 1501, '2017-01-04 08:01:33', NULL),
(64, 378, 1505, '2017-01-04 08:01:33', NULL),
(64, 379, 1509, '2017-01-04 08:01:33', NULL),
(64, 380, 1514, '2017-01-04 08:01:33', NULL),
(64, 381, 1520, '2017-01-04 08:01:33', NULL),
(64, 382, 1522, '2017-01-04 08:01:33', NULL),
(64, 383, 1525, '2017-01-04 08:01:33', NULL),
(64, 441, 1757, '2017-01-04 08:01:33', NULL),
(64, 442, 1764, '2017-01-04 08:01:33', NULL),
(64, 443, 1767, '2017-01-04 08:01:33', NULL),
(64, 444, 1772, '2017-01-04 08:01:33', NULL),
(64, 445, 1774, '2017-01-04 08:01:33', NULL),
(64, 446, 1780, '2017-01-04 08:01:33', NULL),
(64, 447, 1782, '2017-01-04 08:01:33', NULL),
(64, 448, 1787, '2017-01-04 08:01:33', NULL),
(64, 449, 1792, '2017-01-04 08:01:33', NULL),
(64, 450, 1796, '2017-01-04 08:01:33', NULL),
(65, 273, 1089, '2017-01-04 08:01:19', NULL),
(65, 274, 1093, '2017-01-04 08:01:19', NULL),
(65, 275, 1097, '2017-01-04 08:01:19', NULL),
(65, 276, 1101, '2017-01-04 08:01:19', NULL),
(65, 277, 1105, '2017-01-04 08:01:19', NULL),
(65, 293, 1169, '2017-01-04 08:01:19', NULL),
(65, 294, 1173, '2017-01-04 08:01:19', NULL),
(65, 295, 1177, '2017-01-04 08:01:19', NULL),
(65, 296, 1181, '2017-01-04 08:01:19', NULL),
(65, 297, 1185, '2017-01-04 08:01:19', NULL),
(65, 313, 1249, '2017-01-04 08:01:19', NULL),
(65, 314, 1253, '2017-01-04 08:01:19', NULL),
(65, 315, 1257, '2017-01-04 08:01:19', NULL),
(65, 316, 1261, '2017-01-04 08:01:19', NULL),
(65, 317, 1265, '2017-01-04 08:01:19', NULL),
(65, 318, 1269, '2017-01-04 08:01:19', NULL),
(65, 319, 1273, '2017-01-04 08:01:19', NULL),
(65, 320, 1277, '2017-01-04 08:01:19', NULL),
(65, 321, 1281, '2017-01-04 08:01:19', NULL),
(65, 322, 1285, '2017-01-04 08:01:19', NULL),
(65, 344, 1373, '2017-01-04 08:01:19', NULL),
(65, 345, 1377, '2017-01-04 08:01:19', NULL),
(65, 346, 1381, '2017-01-04 08:01:19', NULL),
(65, 347, 1385, '2017-01-04 08:01:19', NULL),
(65, 348, 1389, '2017-01-04 08:01:19', NULL),
(65, 349, 1393, '2017-01-04 08:01:19', NULL),
(65, 350, 1397, '2017-01-04 08:01:19', NULL),
(65, 351, 1401, '2017-01-04 08:01:19', NULL),
(65, 352, 1405, '2017-01-04 08:01:19', NULL),
(65, 353, 1409, '2017-01-04 08:01:19', NULL),
(65, 374, 1489, '2017-01-04 08:01:19', NULL),
(65, 375, 1493, '2017-01-04 08:01:19', NULL),
(65, 376, 1497, '2017-01-04 08:01:19', NULL),
(65, 377, 1501, '2017-01-04 08:01:19', NULL),
(65, 378, 1505, '2017-01-04 08:01:19', NULL),
(65, 379, 1509, '2017-01-04 08:01:19', NULL),
(65, 380, 1513, '2017-01-04 08:01:19', NULL),
(65, 381, 1517, '2017-01-04 08:01:19', NULL),
(65, 382, 1521, '2017-01-04 08:01:19', NULL),
(65, 383, 1525, '2017-01-04 08:01:19', NULL),
(65, 441, 1757, '2017-01-04 08:01:19', NULL),
(65, 442, 1761, '2017-01-04 08:01:19', NULL),
(65, 443, 1765, '2017-01-04 08:01:19', NULL),
(65, 444, 1769, '2017-01-04 08:01:19', NULL),
(65, 445, 1773, '2017-01-04 08:01:19', NULL),
(65, 446, 1777, '2017-01-04 08:01:19', NULL),
(65, 447, 1781, '2017-01-04 08:01:19', NULL),
(65, 448, 1785, '2017-01-04 08:01:19', NULL),
(65, 449, 1789, '2017-01-04 08:01:19', NULL),
(65, 450, 1796, '2017-01-04 08:01:19', NULL),
(66, 273, 1089, '2017-01-04 08:01:16', NULL),
(66, 274, 1094, '2017-01-04 08:01:16', NULL),
(66, 275, 1099, '2017-01-04 08:01:16', NULL),
(66, 276, 1103, '2017-01-04 08:01:16', NULL),
(66, 277, 1106, '2017-01-04 08:01:16', NULL),
(66, 293, 1169, '2017-01-04 08:01:16', NULL),
(66, 294, 1174, '2017-01-04 08:01:16', NULL),
(66, 295, 1177, '2017-01-04 08:01:16', NULL),
(66, 296, 1182, '2017-01-04 08:01:16', NULL),
(66, 297, 1185, '2017-01-04 08:01:16', NULL),
(66, 313, 1249, '2017-01-04 08:01:16', NULL),
(66, 314, 1254, '2017-01-04 08:01:16', NULL),
(66, 315, 1259, '2017-01-04 08:01:16', NULL),
(66, 316, 1264, '2017-01-04 08:01:16', NULL),
(66, 317, 1265, '2017-01-04 08:01:16', NULL),
(66, 318, 1272, '2017-01-04 08:01:16', NULL),
(66, 319, 1276, '2017-01-04 08:01:16', NULL),
(66, 320, 1280, '2017-01-04 08:01:16', NULL),
(66, 321, 1281, '2017-01-04 08:01:16', NULL),
(66, 322, 1288, '2017-01-04 08:01:16', NULL),
(66, 344, 1373, '2017-01-04 08:01:16', NULL),
(66, 345, 1378, '2017-01-04 08:01:16', NULL),
(66, 346, 1384, '2017-01-04 08:01:16', NULL),
(66, 347, 1386, '2017-01-04 08:01:16', NULL),
(66, 348, 1391, '2017-01-04 08:01:16', NULL),
(66, 349, 1395, '2017-01-04 08:01:16', NULL),
(66, 350, 1400, '2017-01-04 08:01:16', NULL),
(66, 351, 1404, '2017-01-04 08:01:16', NULL),
(66, 352, 1406, '2017-01-04 08:01:16', NULL),
(66, 353, 1411, '2017-01-04 08:01:16', NULL),
(66, 374, 1491, '2017-01-04 08:01:16', NULL),
(66, 375, 1494, '2017-01-04 08:01:16', NULL),
(66, 376, 1499, '2017-01-04 08:01:16', NULL),
(66, 377, 1502, '2017-01-04 08:01:16', NULL),
(66, 378, 1505, '2017-01-04 08:01:16', NULL),
(66, 379, 1511, '2017-01-04 08:01:16', NULL),
(66, 380, 1514, '2017-01-04 08:01:16', NULL),
(66, 381, 1518, '2017-01-04 08:01:16', NULL),
(66, 382, 1522, '2017-01-04 08:01:16', NULL),
(66, 383, 1525, '2017-01-04 08:01:16', NULL),
(66, 441, 1757, '2017-01-04 08:01:16', NULL),
(66, 442, 1764, '2017-01-04 08:01:16', NULL),
(66, 443, 1767, '2017-01-04 08:01:16', NULL),
(66, 444, 1771, '2017-01-04 08:01:16', NULL),
(66, 445, 1776, '2017-01-04 08:01:16', NULL),
(66, 446, 1778, '2017-01-04 08:01:16', NULL),
(66, 447, 1783, '2017-01-04 08:01:16', NULL),
(66, 448, 1788, '2017-01-04 08:01:16', NULL),
(66, 449, 1789, '2017-01-04 08:01:16', NULL),
(66, 450, 1794, '2017-01-04 08:01:16', NULL),
(67, 273, 1089, '2017-01-04 08:01:50', NULL),
(67, 274, 1094, '2017-01-04 08:01:50', NULL),
(67, 275, 1097, '2017-01-04 08:01:50', NULL),
(67, 276, 1103, '2017-01-04 08:01:50', NULL),
(67, 277, 1108, '2017-01-04 08:01:50', NULL),
(67, 293, 1172, '2017-01-04 08:01:50', NULL),
(67, 294, 1174, '2017-01-04 08:01:50', NULL),
(67, 295, 1180, '2017-01-04 08:01:50', NULL),
(67, 296, 1181, '2017-01-04 08:01:50', NULL),
(67, 297, 1185, '2017-01-04 08:01:50', NULL),
(67, 313, 1250, '2017-01-04 08:01:50', NULL),
(67, 314, 1254, '2017-01-04 08:01:50', NULL),
(67, 315, 1259, '2017-01-04 08:01:50', NULL),
(67, 316, 1262, '2017-01-04 08:01:50', NULL),
(67, 317, 1268, '2017-01-04 08:01:50', NULL),
(67, 318, 1270, '2017-01-04 08:01:50', NULL),
(67, 319, 1275, '2017-01-04 08:01:50', NULL),
(67, 320, 1279, '2017-01-04 08:01:50', NULL),
(67, 321, 1284, '2017-01-04 08:01:50', NULL),
(67, 322, 1287, '2017-01-04 08:01:50', NULL),
(67, 344, 1375, '2017-01-04 08:01:50', NULL),
(67, 345, 1380, '2017-01-04 08:01:50', NULL),
(67, 346, 1381, '2017-01-04 08:01:50', NULL),
(67, 347, 1385, '2017-01-04 08:01:50', NULL),
(67, 348, 1389, '2017-01-04 08:01:50', NULL),
(67, 349, 1396, '2017-01-04 08:01:50', NULL),
(67, 350, 1399, '2017-01-04 08:01:50', NULL),
(67, 351, 1404, '2017-01-04 08:01:50', NULL),
(67, 352, 1405, '2017-01-04 08:01:50', NULL),
(67, 353, 1410, '2017-01-04 08:01:50', NULL),
(67, 374, 1491, '2017-01-04 08:01:50', NULL),
(67, 375, 1494, '2017-01-04 08:01:50', NULL),
(67, 376, 1499, '2017-01-04 08:01:50', NULL),
(67, 377, 1501, '2017-01-04 08:01:50', NULL),
(67, 378, 1505, '2017-01-04 08:01:50', NULL),
(67, 379, 1511, '2017-01-04 08:01:50', NULL),
(67, 380, 1515, '2017-01-04 08:01:50', NULL),
(67, 381, 1520, '2017-01-04 08:01:50', NULL),
(67, 382, 1523, '2017-01-04 08:01:50', NULL),
(67, 383, 1526, '2017-01-04 08:01:50', NULL),
(67, 441, 1760, '2017-01-04 08:01:50', NULL),
(67, 442, 1764, '2017-01-04 08:01:50', NULL),
(67, 443, 1767, '2017-01-04 08:01:50', NULL),
(67, 444, 1771, '2017-01-04 08:01:50', NULL),
(67, 445, 1776, '2017-01-04 08:01:50', NULL),
(67, 446, 1780, '2017-01-04 08:01:50', NULL),
(67, 447, 1783, '2017-01-04 08:01:50', NULL),
(67, 448, 1788, '2017-01-04 08:01:50', NULL),
(67, 449, 1789, '2017-01-04 08:01:50', NULL),
(67, 450, 1796, '2017-01-04 08:01:50', NULL),
(68, 273, NULL, '2017-01-04 08:01:30', NULL),
(68, 274, NULL, '2017-01-04 08:01:30', NULL),
(68, 275, NULL, '2017-01-04 08:01:30', NULL),
(68, 276, 1103, '2017-01-04 08:01:30', NULL),
(68, 277, 1108, '2017-01-04 08:01:30', NULL),
(68, 293, 1171, '2017-01-04 08:01:30', NULL),
(68, 294, 1176, '2017-01-04 08:01:30', NULL),
(68, 295, 1179, '2017-01-04 08:01:30', NULL),
(68, 296, 1183, '2017-01-04 08:01:30', NULL),
(68, 297, 1188, '2017-01-04 08:01:30', NULL),
(68, 313, 1251, '2017-01-04 08:01:30', NULL),
(68, 314, 1256, '2017-01-04 08:01:30', NULL),
(68, 315, 1259, '2017-01-04 08:01:30', NULL),
(68, 316, 1263, '2017-01-04 08:01:30', NULL),
(68, 317, 1267, '2017-01-04 08:01:30', NULL),
(68, 318, 1271, '2017-01-04 08:01:30', NULL),
(68, 319, 1275, '2017-01-04 08:01:30', NULL),
(68, 320, 1279, '2017-01-04 08:01:30', NULL),
(68, 321, 1283, '2017-01-04 08:01:30', NULL),
(68, 322, 1288, '2017-01-04 08:01:30', NULL),
(68, 344, 1375, '2017-01-04 08:01:30', NULL),
(68, 345, 1380, '2017-01-04 08:01:30', NULL),
(68, 346, 1383, '2017-01-04 08:01:30', NULL),
(68, 347, 1388, '2017-01-04 08:01:30', NULL),
(68, 348, 1391, '2017-01-04 08:01:30', NULL),
(68, 349, 1396, '2017-01-04 08:01:30', NULL),
(68, 350, 1399, '2017-01-04 08:01:30', NULL),
(68, 351, 1403, '2017-01-04 08:01:30', NULL),
(68, 352, 1407, '2017-01-04 08:01:30', NULL),
(68, 353, 1411, '2017-01-04 08:01:30', NULL),
(68, 374, 1491, '2017-01-04 08:01:30', NULL),
(68, 375, 1496, '2017-01-04 08:01:30', NULL),
(68, 376, 1499, '2017-01-04 08:01:30', NULL),
(68, 377, 1503, '2017-01-04 08:01:30', NULL),
(68, 378, 1507, '2017-01-04 08:01:30', NULL),
(68, 379, 1512, '2017-01-04 08:01:30', NULL),
(68, 380, 1515, '2017-01-04 08:01:30', NULL),
(68, 381, 1519, '2017-01-04 08:01:30', NULL),
(68, 382, 1523, '2017-01-04 08:01:30', NULL),
(68, 383, 1527, '2017-01-04 08:01:30', NULL),
(68, 441, 1759, '2017-01-04 08:01:30', NULL),
(68, 442, 1763, '2017-01-04 08:01:30', NULL),
(68, 443, 1767, '2017-01-04 08:01:30', NULL),
(68, 444, 1771, '2017-01-04 08:01:30', NULL),
(68, 445, 1775, '2017-01-04 08:01:30', NULL),
(68, 446, 1779, '2017-01-04 08:01:30', NULL),
(68, 447, 1783, '2017-01-04 08:01:30', NULL),
(68, 448, 1787, '2017-01-04 08:01:30', NULL),
(68, 449, 1791, '2017-01-04 08:01:30', NULL),
(68, 450, 1795, '2017-01-04 08:01:30', NULL),
(69, 273, 1089, '2017-01-04 08:01:42', NULL),
(69, 274, 1095, '2017-01-04 08:01:42', NULL),
(69, 275, 1098, '2017-01-04 08:01:42', NULL),
(69, 276, 1103, '2017-01-04 08:01:42', NULL),
(69, 277, 1108, '2017-01-04 08:01:42', NULL),
(69, 293, 1169, '2017-01-04 08:01:42', NULL),
(69, 294, NULL, '2017-01-04 08:01:42', NULL),
(69, 295, 1178, '2017-01-04 08:01:42', NULL),
(69, 296, 1183, '2017-01-04 08:01:42', NULL),
(69, 297, 1185, '2017-01-04 08:01:42', NULL),
(69, 313, 1249, '2017-01-04 08:01:42', NULL),
(69, 314, 1256, '2017-01-04 08:01:42', NULL),
(69, 315, 1258, '2017-01-04 08:01:42', NULL),
(69, 316, 1263, '2017-01-04 08:01:42', NULL),
(69, 317, 1266, '2017-01-04 08:01:42', NULL),
(69, 318, 1271, '2017-01-04 08:01:42', NULL),
(69, 319, 1276, '2017-01-04 08:01:42', NULL),
(69, 320, 1278, '2017-01-04 08:01:42', NULL),
(69, 321, 1284, '2017-01-04 08:01:42', NULL),
(69, 322, 1285, '2017-01-04 08:01:42', NULL),
(69, 344, 1376, '2017-01-04 08:01:42', NULL),
(69, 345, 1378, '2017-01-04 08:01:42', NULL),
(69, 346, 1384, '2017-01-04 08:01:42', NULL),
(69, 347, 1387, '2017-01-04 08:01:42', NULL),
(69, 348, 1391, '2017-01-04 08:01:42', NULL),
(69, 349, 1393, '2017-01-04 08:01:42', NULL),
(69, 350, 1397, '2017-01-04 08:01:42', NULL),
(69, 351, 1404, '2017-01-04 08:01:42', NULL),
(69, 352, 1405, '2017-01-04 08:01:42', NULL),
(69, 353, 1411, '2017-01-04 08:01:42', NULL),
(69, 374, 1489, '2017-01-04 08:01:42', NULL),
(69, 375, 1493, '2017-01-04 08:01:42', NULL),
(69, 376, 1497, '2017-01-04 08:01:42', NULL),
(69, 377, 1501, '2017-01-04 08:01:42', NULL),
(69, 378, 1505, '2017-01-04 08:01:42', NULL),
(69, 379, 1512, '2017-01-04 08:01:42', NULL),
(69, 380, 1513, '2017-01-04 08:01:42', NULL),
(69, 381, 1520, '2017-01-04 08:01:42', NULL),
(69, 382, 1523, '2017-01-04 08:01:42', NULL),
(69, 383, 1525, '2017-01-04 08:01:42', NULL),
(69, 441, 1757, '2017-01-04 08:01:42', NULL),
(69, 442, 1764, '2017-01-04 08:01:42', NULL),
(69, 443, 1767, '2017-01-04 08:01:42', NULL),
(69, 444, 1772, '2017-01-04 08:01:42', NULL),
(69, 445, 1773, '2017-01-04 08:01:42', NULL),
(69, 446, 1778, '2017-01-04 08:01:42', NULL),
(69, 447, 1783, '2017-01-04 08:01:42', NULL),
(69, 448, 1788, '2017-01-04 08:01:42', NULL),
(69, 449, 1789, '2017-01-04 08:01:42', NULL),
(69, 450, 1795, '2017-01-04 08:01:42', NULL),
(70, 273, 1089, '2017-01-04 08:01:04', NULL),
(70, 274, 1093, '2017-01-04 08:01:04', NULL),
(70, 275, 1099, '2017-01-04 08:01:04', NULL),
(70, 276, 1103, '2017-01-04 08:01:04', NULL),
(70, 277, 1105, '2017-01-04 08:01:04', NULL),
(70, 293, 1169, '2017-01-04 08:01:04', NULL),
(70, 294, 1174, '2017-01-04 08:01:04', NULL),
(70, 295, 1177, '2017-01-04 08:01:04', NULL),
(70, 296, 1183, '2017-01-04 08:01:04', NULL),
(70, 297, 1186, '2017-01-04 08:01:04', NULL),
(70, 313, 1249, '2017-01-04 08:01:04', NULL),
(70, 314, 1253, '2017-01-04 08:01:04', NULL),
(70, 315, 1259, '2017-01-04 08:01:04', NULL),
(70, 316, 1263, '2017-01-04 08:01:04', NULL),
(70, 317, 1265, '2017-01-04 08:01:04', NULL),
(70, 318, 1271, '2017-01-04 08:01:04', NULL),
(70, 319, 1275, '2017-01-04 08:01:04', NULL),
(70, 320, 1280, '2017-01-04 08:01:04', NULL),
(70, 321, 1281, '2017-01-04 08:01:04', NULL),
(70, 322, 1286, '2017-01-04 08:01:04', NULL),
(70, 344, 1373, '2017-01-04 08:01:04', NULL),
(70, 345, 1378, '2017-01-04 08:01:04', NULL),
(70, 346, 1383, '2017-01-04 08:01:04', NULL),
(70, 347, 1387, '2017-01-04 08:01:04', NULL),
(70, 348, 1392, '2017-01-04 08:01:04', NULL),
(70, 349, 1395, '2017-01-04 08:01:04', NULL),
(70, 350, 1399, '2017-01-04 08:01:04', NULL),
(70, 351, 1401, '2017-01-04 08:01:04', NULL),
(70, 352, 1405, '2017-01-04 08:01:04', NULL),
(70, 353, 1410, '2017-01-04 08:01:04', NULL),
(70, 374, 1489, '2017-01-04 08:01:04', NULL),
(70, 375, 1494, '2017-01-04 08:01:04', NULL),
(70, 376, 1497, '2017-01-04 08:01:04', NULL),
(70, 377, 1504, '2017-01-04 08:01:04', NULL),
(70, 378, 1505, '2017-01-04 08:01:04', NULL),
(70, 379, 1512, '2017-01-04 08:01:04', NULL),
(70, 380, 1515, '2017-01-04 08:01:04', NULL),
(70, 381, 1518, '2017-01-04 08:01:04', NULL),
(70, 382, 1524, '2017-01-04 08:01:04', NULL),
(70, 383, 1526, '2017-01-04 08:01:04', NULL),
(70, 441, 1757, '2017-01-04 08:01:04', NULL),
(70, 442, 1764, '2017-01-04 08:01:04', NULL),
(70, 443, 1767, '2017-01-04 08:01:04', NULL),
(70, 444, 1771, '2017-01-04 08:01:04', NULL),
(70, 445, 1774, '2017-01-04 08:01:04', NULL),
(70, 446, 1778, '2017-01-04 08:01:04', NULL),
(70, 447, 1783, '2017-01-04 08:01:04', NULL),
(70, 448, 1788, '2017-01-04 08:01:04', NULL),
(70, 449, 1789, '2017-01-04 08:01:04', NULL),
(70, 450, 1796, '2017-01-04 08:01:04', NULL);

-- --------------------------------------------------------

--
-- Structure de la table `tbkhoi`
--

CREATE TABLE `tbkhoi` (
  `khoi_id` int(10) UNSIGNED NOT NULL,
  `khoi_tieude` varchar(200) COLLATE utf8_unicode_ci DEFAULT NULL,
  `khoi_trangthai` tinyint(1) DEFAULT NULL
) ENGINE=InnoDB DEFAULT CHARSET=utf8 COLLATE=utf8_unicode_ci;

--
-- Contenu de la table `tbkhoi`
--

INSERT INTO `tbkhoi` (`khoi_id`, `khoi_tieude`, `khoi_trangthai`) VALUES
(1, 'Khối 12', 1),
(2, 'Khối 11', 1),
(3, 'Khối 10', 1);

-- --------------------------------------------------------

--
-- Structure de la table `tbkhoi_monhoc`
--

CREATE TABLE `tbkhoi_monhoc` (
  `khoi_id` int(10) UNSIGNED NOT NULL,
  `monhoc_id` int(11) UNSIGNED NOT NULL
) ENGINE=InnoDB DEFAULT CHARSET=utf8 COLLATE=utf8_unicode_ci;

-- --------------------------------------------------------

--
-- Structure de la table `tbkiemtra`
--

CREATE TABLE `tbkiemtra` (
  `kiemtra_id` int(10) UNSIGNED NOT NULL,
  `taikhoan_id` int(10) UNSIGNED DEFAULT NULL,
  `thangdiem_id` int(10) UNSIGNED DEFAULT NULL,
  `khoi_id` int(10) UNSIGNED DEFAULT NULL,
  `chude_id` int(10) UNSIGNED DEFAULT NULL,
  `monhoc_id` int(10) UNSIGNED DEFAULT NULL,
  `tohop_id` int(10) UNSIGNED DEFAULT NULL,
  `kiemtra_tieude` varchar(200) COLLATE utf8_unicode_ci DEFAULT NULL,
  `kiemtra_mota` text COLLATE utf8_unicode_ci,
  `kiemtra_batdau` datetime DEFAULT NULL,
  `kiemtra_ketthuc` datetime DEFAULT NULL,
  `kiemtra_thoigian` time DEFAULT NULL,
  `kiemtra_daocauhoi` tinyint(1) DEFAULT NULL,
  `kiemtra_daotraloi` tinyint(1) DEFAULT NULL,
  `kiemtra_trangthai` tinyint(1) DEFAULT NULL,
  `kiemtra_laphangngay` tinyint(1) DEFAULT '0',
  `kiemtra_tudongchon` tinyint(1) DEFAULT '0',
  `kiemtra_thulai` int(11) DEFAULT NULL,
  `kiemtra_kieuhienthi` tinyint(1) DEFAULT NULL,
  `kiemtra_emailkhac` varchar(400) COLLATE utf8_unicode_ci DEFAULT NULL,
  `kiemtra_emailthisinh` tinyint(1) DEFAULT NULL,
  `kiemtra_hiendiem` tinyint(1) DEFAULT NULL,
  `kiemtra_hienxeploai` tinyint(1) DEFAULT NULL,
  `kiemtra_xemlaibaithi` tinyint(1) DEFAULT NULL,
  `kiemtra_ngaytao` datetime DEFAULT NULL,
  `kiemtra_ngaysua` datetime DEFAULT NULL,
  `kiemtra_khongthoigian` tinyint(1) DEFAULT NULL,
  `kiemtra_slnhom` tinyint(1) DEFAULT NULL,
  `kiemtra_batbuoc` tinyint(1) DEFAULT NULL,
  `kiemtra_yeucau` tinyint(1) DEFAULT NULL,
  `phongthi_id` int(10) UNSIGNED DEFAULT NULL
) ENGINE=InnoDB DEFAULT CHARSET=utf8 COLLATE=utf8_unicode_ci;

--
-- Contenu de la table `tbkiemtra`
--

INSERT INTO `tbkiemtra` (`kiemtra_id`, `taikhoan_id`, `thangdiem_id`, `khoi_id`, `chude_id`, `monhoc_id`, `tohop_id`, `kiemtra_tieude`, `kiemtra_mota`, `kiemtra_batdau`, `kiemtra_ketthuc`, `kiemtra_thoigian`, `kiemtra_daocauhoi`, `kiemtra_daotraloi`, `kiemtra_trangthai`, `kiemtra_laphangngay`, `kiemtra_tudongchon`, `kiemtra_thulai`, `kiemtra_kieuhienthi`, `kiemtra_emailkhac`, `kiemtra_emailthisinh`, `kiemtra_hiendiem`, `kiemtra_hienxeploai`, `kiemtra_xemlaibaithi`, `kiemtra_ngaytao`, `kiemtra_ngaysua`, `kiemtra_khongthoigian`, `kiemtra_slnhom`, `kiemtra_batbuoc`, `kiemtra_yeucau`, `phongthi_id`) VALUES
(26, 1, 8, 1, NULL, NULL, NULL, 'Thi chứng chỉ tin học', '<p>Chọn Đ&aacute;p &aacute;n đ&uacute;ng nhất</p>\r\n', '2017-01-04 07:45:00', '2017-01-04 10:00:00', '00:50:00', 0, 0, 1, 0, 1, 1, 1, '', 0, 0, 0, 0, '2017-01-04 08:15:05', NULL, 0, 6, 0, 0, NULL);

-- --------------------------------------------------------

--
-- Structure de la table `tbkiemtra_cauhoi`
--

CREATE TABLE `tbkiemtra_cauhoi` (
  `kiemtra_id` int(11) UNSIGNED NOT NULL,
  `cauhoi_id` int(11) UNSIGNED NOT NULL
) ENGINE=InnoDB DEFAULT CHARSET=utf8 COLLATE=utf8_unicode_ci;

-- --------------------------------------------------------

--
-- Structure de la table `tbkiemtra_phongthi`
--

CREATE TABLE `tbkiemtra_phongthi` (
  `phongthi_id` int(10) UNSIGNED NOT NULL,
  `kiemtra_id` int(10) UNSIGNED NOT NULL
) ENGINE=InnoDB DEFAULT CHARSET=utf8 COLLATE=utf8_unicode_ci;

--
-- Contenu de la table `tbkiemtra_phongthi`
--

INSERT INTO `tbkiemtra_phongthi` (`phongthi_id`, `kiemtra_id`) VALUES
(1, 21),
(2, 21),
(4, 21),
(1, 22),
(1, 23),
(2, 23),
(1, 24),
(2, 24),
(1, 25),
(2, 25),
(1, 26),
(2, 26);

-- --------------------------------------------------------

--
-- Structure de la table `tbloaicauhoi`
--

CREATE TABLE `tbloaicauhoi` (
  `loaicauhoi_id` int(11) UNSIGNED NOT NULL,
  `loaicauhoi_ma` varchar(255) COLLATE utf8_unicode_ci DEFAULT NULL,
  `loaicauhoi_tieude` varchar(200) COLLATE utf8_unicode_ci DEFAULT NULL,
  `loaicauhoi_trangthai` tinyint(1) DEFAULT NULL
) ENGINE=InnoDB DEFAULT CHARSET=utf8 COLLATE=utf8_unicode_ci;

--
-- Contenu de la table `tbloaicauhoi`
--

INSERT INTO `tbloaicauhoi` (`loaicauhoi_id`, `loaicauhoi_ma`, `loaicauhoi_tieude`, `loaicauhoi_trangthai`) VALUES
(1, 'tracnghiem', 'Trắc nghiệm', 1),
(2, 'tuluan', 'Tự luận', 1);

-- --------------------------------------------------------

--
-- Structure de la table `tblop`
--

CREATE TABLE `tblop` (
  `lop_id` int(10) UNSIGNED NOT NULL,
  `khoi_id` int(10) UNSIGNED DEFAULT NULL,
  `truong_id` int(10) UNSIGNED DEFAULT NULL,
  `lop_tieude` varchar(200) COLLATE utf8_unicode_ci DEFAULT NULL,
  `lop_trangthai` tinyint(1) DEFAULT NULL
) ENGINE=InnoDB DEFAULT CHARSET=utf8 COLLATE=utf8_unicode_ci;

--
-- Contenu de la table `tblop`
--

INSERT INTO `tblop` (`lop_id`, `khoi_id`, `truong_id`, `lop_tieude`, `lop_trangthai`) VALUES
(3, 1, 1, 'Lớp 12A', 1),
(4, 1, 1, 'Lớp 12B', 1),
(5, 2, 1, 'Lớp 11A', 1),
(6, 2, 1, 'Lớp 11B', 1),
(7, 3, 1, 'Lớp 10A', 1),
(8, 3, 1, 'Lớp 10B', 1);

-- --------------------------------------------------------

--
-- Structure de la table `tbmonhoc`
--

CREATE TABLE `tbmonhoc` (
  `monhoc_id` int(10) UNSIGNED NOT NULL,
  `tohop_id` int(10) UNSIGNED DEFAULT NULL,
  `monhoc_tieude` varchar(200) COLLATE utf8_unicode_ci DEFAULT NULL,
  `monhoc_mota` text COLLATE utf8_unicode_ci,
  `monhoc_trangthai` tinyint(1) DEFAULT NULL
) ENGINE=InnoDB DEFAULT CHARSET=utf8 COLLATE=utf8_unicode_ci;

--
-- Contenu de la table `tbmonhoc`
--

INSERT INTO `tbmonhoc` (`monhoc_id`, `tohop_id`, `monhoc_tieude`, `monhoc_mota`, `monhoc_trangthai`) VALUES
(2, 1, 'Toán', '', 1),
(3, 3, 'Vật Lý', '', 1),
(4, 3, 'Hóa học', '', 1),
(5, 3, 'Sinh học', '', 1),
(6, 2, 'Tiếng Anh', '', 1),
(7, 4, 'Lịch sử', '', 1),
(8, 4, 'Địa lý', '', 1),
(9, 4, 'Giáo dục công dân', '', 1);

-- --------------------------------------------------------

--
-- Structure de la table `tbmucdo`
--

CREATE TABLE `tbmucdo` (
  `mucdo_id` int(11) UNSIGNED NOT NULL,
  `mucdo_tieude` varchar(200) COLLATE utf8_unicode_ci DEFAULT NULL,
  `mucdo_diem` tinyint(1) DEFAULT NULL,
  `mucdo_trangthai` tinyint(1) DEFAULT NULL
) ENGINE=InnoDB DEFAULT CHARSET=utf8 COLLATE=utf8_unicode_ci;

--
-- Contenu de la table `tbmucdo`
--

INSERT INTO `tbmucdo` (`mucdo_id`, `mucdo_tieude`, `mucdo_diem`, `mucdo_trangthai`) VALUES
(17, 'Nang cao', 0, 1),
(18, 'Co ban', 0, 1);

-- --------------------------------------------------------

--
-- Structure de la table `tbnhomdanhmuc`
--

CREATE TABLE `tbnhomdanhmuc` (
  `nhomdanhmuc_id` int(11) UNSIGNED NOT NULL,
  `nhomdanhmuc_ma` varchar(50) COLLATE utf8_unicode_ci DEFAULT NULL,
  `nhomdanhmuc_tieude` varchar(200) COLLATE utf8_unicode_ci DEFAULT NULL,
  `nhomdanhmuc_trangthai` tinyint(1) DEFAULT NULL
) ENGINE=InnoDB DEFAULT CHARSET=utf8 COLLATE=utf8_unicode_ci;

--
-- Contenu de la table `tbnhomdanhmuc`
--

INSERT INTO `tbnhomdanhmuc` (`nhomdanhmuc_id`, `nhomdanhmuc_ma`, `nhomdanhmuc_tieude`, `nhomdanhmuc_trangthai`) VALUES
(1, 'taikhoan', 'Tất cả người dùng', 2),
(2, 'taikhoan_add', 'Thêm người dùng', 2),
(3, 'nhomtaikhoan', 'Tất cả nhóm người dùng', 2),
(4, 'nhomtaikhoan_add', 'Thêm nhóm người dùng', 2),
(5, 'cauhoi', 'Tất cả câu hỏi', 2),
(6, 'cauhoi_add', 'Thêm câu hỏi', 2),
(7, 'chude', 'Tất cả chủ đề', 2),
(8, 'chude_add', 'Thêm chủ đề', 2),
(9, 'mucdo', 'Tất cả mức độ câu hỏi', 2),
(10, 'mucdo_add', 'Thêm mức độ câu hỏi', 2),
(11, 'kiemtra', 'Tất cả bài kiểm tra', 2),
(12, 'kiemtra_add', 'Thêm bài kiểm tra', 2),
(13, 'thangdiem', 'Tất cả thang điểm', 2),
(14, 'thangdiem_add', 'Thêm thang điểm', 2),
(15, 'truong', 'Tất cả trường', 0),
(16, 'truong_add', 'Thêm trường', 0),
(17, 'lop', 'Tất cả lớp', 0),
(18, 'lop_add', 'Thêm lớp', 0),
(19, 'ketquakiemtra', 'Tất cả kết quả kiểm tra', 2),
(20, 'ketquakiemtra_add', 'Thêm kết quả kiểm tra', 2),
(21, 'caidat', 'Cài đặt', 2),
(99, 'danhmuc', 'Tất cả menu', 2),
(100, 'danhmuc_add', 'Thêm menu', 2),
(101, 'truycapnguoidung', 'Chuyển sang trang người dùng', 2),
(102, 'khoi', 'Tất cả khối', 0),
(103, 'khoi_add', 'Thêm khối', 0),
(104, 'monhoc', 'Tất cả môn học', 0),
(105, 'monhoc_add', 'Thêm môn học', 0),
(106, 'tohop', 'Tất cả tổ hợp', 0),
(107, 'tohop_add', 'Thêm tổ hợp', 0),
(108, 'phongthi', 'Phòng thi', 2),
(109, 'phongthi_add', 'Thêm phòng thi', 2);

-- --------------------------------------------------------

--
-- Structure de la table `tbnhomtaikhoan`
--

CREATE TABLE `tbnhomtaikhoan` (
  `nhomtaikhoan_id` int(10) UNSIGNED NOT NULL,
  `nhomtaikhoan_tieude` varchar(200) COLLATE utf8_unicode_ci DEFAULT NULL,
  `nhomtaikhoan_macdinh` int(11) DEFAULT '0',
  `nhomtaikhoan_trangthai` tinyint(1) DEFAULT NULL
) ENGINE=InnoDB DEFAULT CHARSET=utf8 COLLATE=utf8_unicode_ci;

--
-- Contenu de la table `tbnhomtaikhoan`
--

INSERT INTO `tbnhomtaikhoan` (`nhomtaikhoan_id`, `nhomtaikhoan_tieude`, `nhomtaikhoan_macdinh`, `nhomtaikhoan_trangthai`) VALUES
(1, 'admin', 0, 1),
(4, 'users', 1, 1);

-- --------------------------------------------------------

--
-- Structure de la table `tbnhomtaikhoankiemtra`
--

CREATE TABLE `tbnhomtaikhoankiemtra` (
  `nhomtaikhoan_id` int(11) UNSIGNED NOT NULL DEFAULT '0',
  `kiemtra_id` int(11) UNSIGNED NOT NULL DEFAULT '0',
  `truong_id` int(10) UNSIGNED NOT NULL,
  `khoi_id` int(11) UNSIGNED NOT NULL,
  `lop_id` int(10) UNSIGNED NOT NULL,
  `phongthi_id` int(10) UNSIGNED DEFAULT NULL
) ENGINE=InnoDB DEFAULT CHARSET=utf8 COLLATE=utf8_unicode_ci;

-- --------------------------------------------------------

--
-- Structure de la table `tbnhomtaikhoan_quyen`
--

CREATE TABLE `tbnhomtaikhoan_quyen` (
  `nhomtaikhoan_id` int(11) UNSIGNED NOT NULL,
  `quyen_id` int(11) UNSIGNED NOT NULL
) ENGINE=InnoDB DEFAULT CHARSET=utf8 COLLATE=utf8_unicode_ci;

--
-- Contenu de la table `tbnhomtaikhoan_quyen`
--

INSERT INTO `tbnhomtaikhoan_quyen` (`nhomtaikhoan_id`, `quyen_id`) VALUES
(1, 1),
(1, 5),
(1, 6),
(1, 7),
(1, 8),
(1, 9),
(1, 11),
(1, 12),
(1, 13),
(1, 14),
(1, 15),
(1, 17),
(1, 18),
(1, 19),
(1, 20),
(1, 21),
(1, 22),
(1, 23),
(1, 25),
(1, 26),
(1, 27),
(1, 28),
(1, 29),
(1, 30),
(1, 31),
(1, 32),
(1, 33),
(1, 34),
(1, 35),
(1, 36),
(1, 38),
(1, 39),
(1, 41),
(1, 42),
(1, 43),
(1, 44),
(1, 45),
(1, 46),
(1, 47),
(1, 48),
(1, 49),
(1, 51),
(1, 52),
(1, 53),
(1, 54),
(1, 56),
(1, 57),
(1, 58),
(1, 59),
(1, 60),
(1, 61),
(1, 81),
(1, 82),
(1, 83),
(1, 84),
(1, 85),
(1, 92),
(1, 93),
(1, 94),
(1, 95),
(1, 96);

-- --------------------------------------------------------

--
-- Structure de la table `tbphongthi`
--

CREATE TABLE `tbphongthi` (
  `phongthi_id` int(10) UNSIGNED NOT NULL,
  `phongthi_tieude` varchar(250) COLLATE utf8_unicode_ci DEFAULT NULL,
  `phongthi_mota` varchar(400) COLLATE utf8_unicode_ci DEFAULT NULL,
  `phongthi_trangthai` tinyint(1) DEFAULT NULL
) ENGINE=InnoDB DEFAULT CHARSET=utf8 COLLATE=utf8_unicode_ci;

--
-- Contenu de la table `tbphongthi`
--

INSERT INTO `tbphongthi` (`phongthi_id`, `phongthi_tieude`, `phongthi_mota`, `phongthi_trangthai`) VALUES
(1, 'Phòng thi 1', NULL, 1),
(2, 'Phòng thi 2', NULL, 1),
(3, 'HVIT1', NULL, 1),
(4, 'HVIT2', NULL, 1);

-- --------------------------------------------------------

--
-- Structure de la table `tbquyen`
--

CREATE TABLE `tbquyen` (
  `quyen_id` int(11) UNSIGNED NOT NULL,
  `quyen_ma` varchar(50) COLLATE utf8_unicode_ci DEFAULT NULL,
  `quyen_parent` int(11) DEFAULT '0',
  `quyen_tieude` varchar(200) COLLATE utf8_unicode_ci DEFAULT NULL,
  `quyen_trangthai` tinyint(1) DEFAULT NULL
) ENGINE=InnoDB DEFAULT CHARSET=utf8 COLLATE=utf8_unicode_ci;

--
-- Contenu de la table `tbquyen`
--

INSERT INTO `tbquyen` (`quyen_id`, `quyen_ma`, `quyen_parent`, `quyen_tieude`, `quyen_trangthai`) VALUES
(1, 'truycapquantri', 0, 'Truy cập vào trang quản trị', 1),
(4, 'taikhoan', 0, 'Quản lý thành viên', 1),
(5, 'taikhoan_them', 4, 'Thêm', 1),
(6, 'taikhoan_sua', 4, 'Sửa', 1),
(7, 'taikhoan_xoa', 4, 'Xóa', 1),
(8, 'taikhoan_xem', 4, 'Xem', 1),
(9, 'taikhoan_tim', 4, 'Tìm kiếm', 1),
(10, 'chude', 0, 'Quản lý chủ đề', 1),
(11, 'chude_them', 10, 'Thêm', 1),
(12, 'chude_sua', 10, 'Sửa', 1),
(13, 'chude_xoa', 10, 'Xóa', 1),
(14, 'chude_xem', 10, 'Xem', 1),
(15, 'chude_duyet', 10, 'Duyệt', 1),
(16, 'cauhoi', 0, 'Quản lý câu hỏi', 1),
(17, 'cauhoi_them', 16, 'Thêm', 1),
(18, 'cauhoi_sua', 16, 'Sửa', 1),
(19, 'cauhoi_xoa', 16, 'Xóa', 1),
(20, 'cauhoi_xem', 16, 'Xem', 1),
(21, 'cauhoi_duyet', 16, 'Duyệt', 1),
(22, 'cauhoi_tim', 16, 'Tìm kiếm', 1),
(23, 'cauhoi_nhap', 16, 'Import câu hỏi', 1),
(24, 'kiemtra', 0, 'Quản lý bài kiểm tra', 1),
(25, 'kiemtra_them', 24, 'Thêm', 1),
(26, 'kiemtra_sua', 24, 'Sửa', 1),
(27, 'kiemtra_xoa', 24, 'Xóa', 1),
(28, 'kiemtra_xem', 24, 'Xem', 1),
(29, 'kiemtra_duyet', 24, 'Duyệt', 1),
(30, 'kiemtra_tim', 24, 'Tìm kiếm', 1),
(31, 'kiemtra_cachhienthi', 24, 'Cách hiển thị câu hỏi (Hiển thị tất cả câu hỏi, từng câu một,... )', 1),
(32, 'kiemtra_xemlaibaithi', 24, 'Xem lại bài thi sau khi hệ thống trả lại kết quả', 1),
(33, 'kiemtra_thithu', 24, 'Xem và thi thử bài thi trước khi duyệt \r\nXem và thi thử bài thi trước khi duyệt \r\nXem và thi thử bài thi trước khi duyệt', 1),
(34, 'kiemtra_themhocvien', 24, 'Gắn học viên vào bài kiểm tra', 1),
(35, 'mucdo', 0, 'Quản lý mức độ (độ khó) câu hỏi', 1),
(36, 'thangdiem', 0, 'Quản lý thang điểm', 1),
(37, 'danhmuc', 0, 'Quản lý menu', 1),
(38, 'taikhoan_nhap', 4, 'Import thành viên', 1),
(39, 'chude_tim', 10, 'Tìm kiếm', 1),
(40, 'nhomtaikhoan', 0, 'Quản lý nhóm thành viên', 1),
(41, 'nhomtaikhoan_them', 40, 'Thêm', 1),
(42, 'nhomtaikhoan_sua', 40, 'Sửa', 1),
(43, 'nhomtaikhoan_xoa', 40, 'Xóa', 1),
(44, 'nhomtaikhoan_xem', 40, 'Xem', 1),
(45, 'nhomtaikhoan_tim', 40, 'Tìm kiếm', 1),
(46, 'kiemtra_themcauhoi', 24, 'Thêm câu hỏi kiểm tra', 1),
(47, 'kiemtra_xoacauhoi', 24, 'Xóa câu hỏi kiểm tra', 1),
(48, 'kiemtra_xemcauhoi', 24, 'Xem câu hỏi kiểm tra', 1),
(49, 'kiemtra_timcauhoi', 24, 'Tìm kiếm câu hỏi kiểm tra', 1),
(50, 'ketquakiemtra', 0, 'Quản lý kết quả kiểm tra', 1),
(51, 'ketquakiemtra_xoa', 50, 'Xóa', 1),
(52, 'ketquakiemtra_xem', 50, 'Xem', 1),
(53, 'ketquakiemtra_tim', 50, 'Tìm kiếm', 1),
(54, 'ketquakiemtra_xuat', 50, 'Xuất báo cáo', 1),
(55, 'caidat', 0, 'Cài đặt', 1),
(56, 'caudat_xem', 55, 'Xem', 1),
(57, 'caidat_sua', 55, 'Sửa', 1),
(58, 'danhmuc_them', 37, 'Thêm', 1),
(59, 'danhmuc_sua', 37, 'Sửa', 1),
(60, 'danhmuc_xoa', 37, 'Xóa', 1),
(61, 'danhmuc_tim', 37, 'Tìm kiếm', 1),
(80, 'monhoc', 0, 'Quản lý môn học', 1),
(81, 'monhoc_them', 80, 'Thêm', 1),
(82, 'monhoc_sua', 80, 'Sửa', 1),
(83, 'monhoc_xoa', 80, 'Xóa', 1),
(84, 'monhoc_xem', 80, 'Xem', 1),
(85, 'monhoc_tim', 80, 'Tìm kiếm', 1),
(91, 'phongthi', 0, 'Quản lý phòng thi', 1),
(92, 'phongthi_them', 91, 'Thêm', 1),
(93, 'phongthi_sua', 91, 'Sửa', 1),
(94, 'phongthi_xoa', 91, 'Xóa', 1),
(95, 'phongthi_xem', 91, 'Xem', 1),
(96, 'phongthi_tim', 91, 'Tìm kiếm', 1);

-- --------------------------------------------------------

--
-- Structure de la table `tbtaikhoan`
--

CREATE TABLE `tbtaikhoan` (
  `taikhoan_id` int(11) UNSIGNED NOT NULL,
  `nhomtaikhoan_id` int(11) UNSIGNED DEFAULT NULL,
  `taikhoan_user` varchar(30) COLLATE utf8_unicode_ci DEFAULT NULL,
  `taikhoan_pass` varchar(32) COLLATE utf8_unicode_ci DEFAULT NULL,
  `taikhoan_email` varchar(250) COLLATE utf8_unicode_ci DEFAULT NULL,
  `taikhoan_hoten` varchar(150) COLLATE utf8_unicode_ci DEFAULT NULL,
  `taikhoan_gioitinh` tinyint(1) DEFAULT NULL,
  `taikhoan_ngaysinh` date DEFAULT NULL,
  `taikhoan_diachi` varchar(250) COLLATE utf8_unicode_ci DEFAULT NULL,
  `taikhoan_phone` varchar(50) COLLATE utf8_unicode_ci DEFAULT NULL,
  `taikhoan_trangthai` tinyint(4) DEFAULT NULL,
  `taikhoan_code` varchar(40) COLLATE utf8_unicode_ci DEFAULT NULL,
  `taikhoan_truycap` datetime DEFAULT NULL,
  `taikhoan_ngaytao` datetime DEFAULT NULL,
  `taikhoan_ngaysua` datetime DEFAULT NULL,
  `truong_id` int(11) UNSIGNED DEFAULT NULL,
  `khoi_id` int(11) UNSIGNED DEFAULT NULL,
  `lop_id` int(11) UNSIGNED DEFAULT NULL,
  `phongthi_id` int(10) UNSIGNED DEFAULT NULL,
  `taikhoan_lopchungchi` varchar(250) COLLATE utf8_unicode_ci DEFAULT NULL,
  `taikhoan_sobaodanh` varchar(50) COLLATE utf8_unicode_ci DEFAULT NULL
) ENGINE=InnoDB DEFAULT CHARSET=utf8 COLLATE=utf8_unicode_ci;

--
-- Contenu de la table `tbtaikhoan`
--

INSERT INTO `tbtaikhoan` (`taikhoan_id`, `nhomtaikhoan_id`, `taikhoan_user`, `taikhoan_pass`, `taikhoan_email`, `taikhoan_hoten`, `taikhoan_gioitinh`, `taikhoan_ngaysinh`, `taikhoan_diachi`, `taikhoan_phone`, `taikhoan_trangthai`, `taikhoan_code`, `taikhoan_truycap`, `taikhoan_ngaytao`, `taikhoan_ngaysua`, `truong_id`, `khoi_id`, `lop_id`, `phongthi_id`, `taikhoan_lopchungchi`, `taikhoan_sobaodanh`) VALUES
(1, 1, 'admin', 'e10adc3949ba59abbe56e057f20f883e', 'fushico@duocphutho.edu.vn', 'duocphutho', 1, '1984-05-15', 'Việt Trì', '0919841809', 1, NULL, '2017-05-09 07:09:10', '2015-09-13 13:04:39', '2016-12-30 15:48:10', 1, 2, 6, 1, 'L6', '003'),
(36, 4, 'nshung', 'e10adc3949ba59abbe56e057f20f883e', NULL, 'Nguyễn Sơn Hùng', 1, '1991-03-02', 'Việt Trì, Phú Thọ', '', 1, NULL, '2017-01-04 07:53:09', '2016-12-08 22:05:11', NULL, NULL, NULL, NULL, 1, 'a1', '0001'),
(37, 4, 'nxcuong', 'e10adc3949ba59abbe56e057f20f883e', NULL, 'Nguyễn Xuân Cường', 1, '1991-10-29', 'P. Minh Phương, TP. Việt Trì', '', 1, NULL, '2017-01-04 08:18:27', '2016-12-08 22:05:12', NULL, NULL, NULL, NULL, 1, 'a2', '0002'),
(38, 4, 'lhhao', 'e10adc3949ba59abbe56e057f20f883e', NULL, 'Lê Hữu Hảo', 1, '2000-01-01', 'Phú Thọ', '', 1, NULL, '2017-01-04 07:53:03', '2016-12-08 22:05:12', NULL, NULL, NULL, NULL, 2, 'a1', '0003'),
(39, 4, 'nhhieu', 'e10adc3949ba59abbe56e057f20f883e', NULL, 'Nguyễn Hữu Hiếu', 1, '1999-01-01', 'Lâm Thao', '', 1, NULL, '2017-01-03 09:36:14', '2016-12-08 22:05:12', NULL, NULL, NULL, NULL, 2, 'a4', '0004'),
(66, 4, 'dtvanh', 'e10adc3949ba59abbe56e057f20f883e', NULL, 'Đinh Thị Vân Anh', 2, '2036-02-27', 'Thanh Liêm- Hà Nam', '', 1, NULL, NULL, '2017-01-04 07:35:48', NULL, NULL, NULL, NULL, 1, 'CĐ8A12', '0005'),
(67, 4, 'ntanh', 'e10adc3949ba59abbe56e057f20f883e', NULL, 'Nguyễn Thế Anh', 1, '1995-03-06', 'Sóc Sơn- Hà nội', '', 1, NULL, '2017-01-04 08:10:25', '2017-01-04 07:35:48', NULL, NULL, NULL, NULL, 1, 'CĐ8A12', '0006'),
(68, 4, 'ntvanh', 'e10adc3949ba59abbe56e057f20f883e', NULL, 'Nguyễn Thị Vân Anh', 2, '1998-03-01', 'Phù Ninh- Phú Thọ', '', 1, NULL, '2017-01-04 08:06:41', '2017-01-04 07:35:48', NULL, NULL, NULL, NULL, 1, 'CĐ8A12', '0007'),
(69, 4, 'bnanh', 'e10adc3949ba59abbe56e057f20f883e', NULL, 'Bùi Ngọc Ánh', 2, '2036-03-01', 'Lục Ngạn- Bắc Giang', '', 1, NULL, NULL, '2017-01-04 07:35:48', NULL, NULL, NULL, NULL, 1, 'CĐ8A12', '0008'),
(70, 4, 'vvbinh', 'e10adc3949ba59abbe56e057f20f883e', NULL, 'Vi Văn Bính', 1, '2036-02-27', 'Tương Dương- Nghệ An', '', 1, NULL, NULL, '2017-01-04 07:35:48', NULL, NULL, NULL, NULL, 1, 'CĐ8A12', '0009'),
(71, 4, 'dxcu', 'e10adc3949ba59abbe56e057f20f883e', NULL, 'Đỗ Xuân Cừ', 1, '1998-06-10', 'Tam Nông- Phú Thọ', '', 1, NULL, NULL, '2017-01-04 07:35:48', NULL, NULL, NULL, NULL, 1, 'CĐ8A12', '0010'),
(72, 4, 'nvdat', 'e10adc3949ba59abbe56e057f20f883e', NULL, 'Ngô Văn Đạt', 1, '2036-02-19', 'Yên Lạc- Vĩnh Phúc', '', 1, NULL, '2017-01-04 08:21:24', '2017-01-04 07:35:48', NULL, NULL, NULL, NULL, 1, 'CĐ8A12', '0011'),
(73, 4, 'nddoan', 'e10adc3949ba59abbe56e057f20f883e', NULL, 'Nguyễn Đình Đoàn', 1, '2036-03-03', 'Thanh Sơn- Phú Thọ', '', 1, NULL, '2017-01-04 08:29:30', '2017-01-04 07:35:48', NULL, NULL, NULL, NULL, 1, 'CĐ8A12', '0012'),
(74, 4, 'ltdung', 'e10adc3949ba59abbe56e057f20f883e', NULL, 'Lưu Thị Dung', 2, '1998-03-11', 'Mê Linh- Hà Nội', '', 1, NULL, '2017-01-04 08:09:19', '2017-01-04 07:35:48', NULL, NULL, NULL, NULL, 1, 'CĐ8A12', '0013'),
(75, 4, 'dvdung', 'e10adc3949ba59abbe56e057f20f883e', NULL, 'Đặng Văn Dũng', 1, '1997-02-10', 'Cẩm Khê- Phú Thọ', '', 1, NULL, NULL, '2017-01-04 07:35:48', NULL, NULL, NULL, NULL, 1, 'CĐ8A12', '0014'),
(76, 4, 'nttha', 'e10adc3949ba59abbe56e057f20f883e', NULL, 'Nguyễn Thị Thu Hà', 2, '2036-02-29', 'Việt Trì- Phú Thọ', '', 1, NULL, NULL, '2017-01-04 07:35:48', NULL, NULL, NULL, NULL, 1, 'CĐ8A12', '0015'),
(77, 4, 'tvhai', 'e10adc3949ba59abbe56e057f20f883e', NULL, 'Triệu Văn Hải', 1, '2036-02-22', 'Bắc Mê- Hà Giang', '', 1, NULL, NULL, '2017-01-04 07:35:48', NULL, NULL, NULL, NULL, 1, 'CĐ8A12', '0016'),
(78, 4, 'nhhanh', 'e10adc3949ba59abbe56e057f20f883e', NULL, 'Nông Hồng Hạnh', 2, '2036-02-21', 'XÍn Mần- Hà Giang', '', 1, NULL, NULL, '2017-01-04 07:35:48', NULL, NULL, NULL, NULL, 1, 'CĐ8A12', '0017'),
(79, 4, 'bthien', 'e10adc3949ba59abbe56e057f20f883e', NULL, 'Bùi Thị Hiền', 2, '2036-03-02', 'Yên Lập- Phú Thọ', '', 1, NULL, NULL, '2017-01-04 07:35:48', NULL, NULL, NULL, NULL, 1, 'CĐ8A12', '0018'),
(80, 4, 'hdhieu', 'e10adc3949ba59abbe56e057f20f883e', NULL, 'Hoàng Đức Hiếu', 1, '2036-03-04', 'Lâm Thao- Phú Thọ', '', 1, NULL, '2017-01-04 08:32:49', '2017-01-04 07:35:48', NULL, NULL, NULL, NULL, 1, 'CĐ8A12', '0019'),
(81, 4, 'pthoa', 'e10adc3949ba59abbe56e057f20f883e', NULL, 'Phạm Thanh Hòa', 1, '1998-08-03', 'Phù Ninh- Phú Thọ', '', 1, NULL, '2017-01-04 08:10:07', '2017-01-04 07:35:48', NULL, NULL, NULL, NULL, 1, 'CĐ8A12', '0020'),
(82, 4, 'dqhuan', 'e10adc3949ba59abbe56e057f20f883e', NULL, 'Đặng Quang Huấn', 1, '1998-10-12', 'Vĩnh Tường- Vĩnh Phúc', '', 1, NULL, NULL, '2017-01-04 07:35:49', NULL, NULL, NULL, NULL, 1, 'CĐ8A12', '0021'),
(83, 4, 'chhue', 'e10adc3949ba59abbe56e057f20f883e', NULL, 'Cao Hồng Huế', 2, '1998-11-10', 'Than Uyên- Lai Châu', '', 1, NULL, NULL, '2017-01-04 07:35:49', NULL, NULL, NULL, NULL, 1, 'CĐ8A12', '0022'),
(84, 4, 'ntthuong', 'e10adc3949ba59abbe56e057f20f883e', NULL, 'Nguyễn Thị Thu Hương', 2, '1998-08-03', 'TP Tuyên Quang - Tuyên Quang', '', 1, NULL, NULL, '2017-01-04 07:35:49', NULL, NULL, NULL, NULL, 1, 'CĐ8A12', '0023'),
(85, 4, 'ntlanhuonga', 'e10adc3949ba59abbe56e057f20f883e', NULL, 'Nguyễn Thị Lan Hương(A)', 2, '1998-02-04', 'Cẩm Khê- Phú Thọ', '', 1, NULL, '2017-01-04 08:29:55', '2017-01-04 07:35:49', NULL, NULL, NULL, NULL, 1, 'CĐ8A12', '0024'),
(86, 4, 'ntlhuongb', 'e10adc3949ba59abbe56e057f20f883e', NULL, 'Nguyễn Thị Lan Hương(B)', 2, '2036-03-02', 'Cẩm Khê- Phú Thọ', '', 1, NULL, '2017-01-04 08:13:03', '2017-01-04 07:35:49', NULL, NULL, NULL, NULL, 1, 'CĐ8A12', '0025'),
(87, 4, 'tttkieu', 'e10adc3949ba59abbe56e057f20f883e', NULL, 'Trần Thị Thúy Kiều', 2, '1998-10-12', 'Vĩnh Yên- Vĩnh Phúc', '', 1, NULL, '2017-01-04 08:09:03', '2017-01-04 07:35:49', NULL, NULL, NULL, NULL, 1, 'CĐ8A12', '0026'),
(88, 4, 'pttlinh', 'e10adc3949ba59abbe56e057f20f883e', NULL, 'Phạm Thị Thúy Linh', 2, '1998-12-07', 'Hàm Yên- Tuyên Quang', '', 1, NULL, NULL, '2017-01-04 07:35:49', NULL, NULL, NULL, NULL, 1, 'CĐ8A12', '0027'),
(89, 4, 'ltly', 'e10adc3949ba59abbe56e057f20f883e', NULL, 'Lê Thảo Ly', 2, '1998-08-08', 'Ba Vì- Hà Nội', '', 1, NULL, NULL, '2017-01-04 07:35:49', NULL, NULL, NULL, NULL, 1, 'CĐ8A12', '0028'),
(90, 4, 'pymai', 'e10adc3949ba59abbe56e057f20f883e', NULL, 'Phàng Y Mai', 2, '1998-08-02', 'Mai Châu- Hòa Bình', '', 1, NULL, NULL, '2017-01-04 07:35:49', NULL, NULL, NULL, NULL, 1, 'CĐ8A12', '0029'),
(91, 4, 'ptmngoc', 'e10adc3949ba59abbe56e057f20f883e', NULL, 'Phùng Thị Minh Ngọc', 2, '2036-02-20', 'Việt Trì- Phú Thọ', '', 1, NULL, NULL, '2017-01-04 07:35:49', NULL, NULL, NULL, NULL, 1, 'CĐ8A12', '0030'),
(92, 4, 'pvnhem', 'e10adc3949ba59abbe56e057f20f883e', NULL, 'Pàn Văn Nhem', 1, '1994-07-09', 'Mường Tè- Lai Châu', '', 1, NULL, '2017-01-04 08:14:05', '2017-01-04 07:35:49', NULL, NULL, NULL, NULL, 1, 'CĐ8A12', '0031'),
(93, 4, 'xtnhoi', 'e10adc3949ba59abbe56e057f20f883e', NULL, 'Xin Thị Nhôi', 2, '1998-06-12', 'XÍn Mần- Hà Giang', '', 1, NULL, '2017-01-04 08:42:58', '2017-01-04 07:35:49', NULL, NULL, NULL, NULL, 1, 'CĐ8A12', '0032'),
(94, 4, 'htphuong', 'e10adc3949ba59abbe56e057f20f883e', NULL, 'Hoàng Thu Phương', 2, '2036-03-04', 'Yên Bình- Yên Bái', '', 1, NULL, NULL, '2017-01-04 07:35:49', NULL, NULL, NULL, NULL, 2, 'CĐ8A12', '0033'),
(95, 4, 'bdthang', 'e10adc3949ba59abbe56e057f20f883e', NULL, 'Bùi Đức Thắng', 1, '2036-03-04', 'Bảo Yên- Lào Cai', '', 1, NULL, '2017-01-04 08:05:08', '2017-01-04 07:35:49', NULL, NULL, NULL, NULL, 2, 'CĐ8A12', '0034'),
(96, 4, 'htthao', 'e10adc3949ba59abbe56e057f20f883e', NULL, 'Hoàng Thu Thảo', 2, '1997-12-07', 'TP Cao Bằng- Cao Bằng', '', 1, NULL, '2017-01-04 08:07:55', '2017-01-04 07:35:49', NULL, NULL, NULL, NULL, 2, 'CĐ8A12', '0035'),
(97, 4, 'ntmthi', 'e10adc3949ba59abbe56e057f20f883e', NULL, 'Nguyễn Thị Mai Thi', 2, '1992-10-09', 'Mộ Đức- Quảng Ngãi', '', 1, NULL, NULL, '2017-01-04 07:35:49', NULL, NULL, NULL, NULL, 2, 'CĐ8A12', '0036'),
(98, 4, 'hnthu', 'e10adc3949ba59abbe56e057f20f883e', NULL, 'Hà Ngọc Thư', 2, '2036-02-25', 'Mai Châu- Hòa Bình', '', 1, NULL, NULL, '2017-01-04 07:35:49', NULL, NULL, NULL, NULL, 2, 'CĐ8A12', '0037'),
(99, 4, 'hpthuy', 'e10adc3949ba59abbe56e057f20f883e', NULL, 'Hoàng Phương Thúy', 2, '1998-10-07', 'TP Hòa Bình - Hòa BÌnh', '', 1, NULL, '2017-01-04 08:11:45', '2017-01-04 07:35:49', NULL, NULL, NULL, NULL, 2, 'CĐ8A12', '0038'),
(100, 4, 'tmtien', 'e10adc3949ba59abbe56e057f20f883e', '', 'Triệu Minh Tiên', 2, '1998-01-13', 'Văn Yên- Yên Bái', '', 1, NULL, '2017-01-04 08:09:09', '2017-01-04 07:35:49', '2017-01-04 08:17:13', 1, 1, 3, 2, 'CĐ8A12', '0039'),
(101, 4, 'hthtra', 'e10adc3949ba59abbe56e057f20f883e', NULL, 'Hoàng Thị Hương Trà', 2, '2036-02-26', 'Tân Kỳ - Nghệ An', '', 1, NULL, NULL, '2017-01-04 07:35:49', NULL, NULL, NULL, NULL, 2, 'CĐ8A12', '0040'),
(102, 4, 'vltrang', 'e10adc3949ba59abbe56e057f20f883e', NULL, 'Vương Linh Trang', 2, '2036-02-26', 'Thiệu Hóa- Thanh Hóa', '', 1, NULL, '2017-01-04 08:10:04', '2017-01-04 07:35:49', NULL, NULL, NULL, NULL, 2, 'CĐ8A12', '0041'),
(103, 4, 'ltatrinh', 'e10adc3949ba59abbe56e057f20f883e', NULL, 'Lục Thị Ái Trinh', 2, '2036-02-19', 'Phục Hòa- Cao Bằng', '', 1, NULL, '2017-01-04 08:07:51', '2017-01-04 07:35:49', NULL, NULL, NULL, NULL, 2, 'CĐ8A12', '0042'),
(104, 4, 'nttuyen', 'e10adc3949ba59abbe56e057f20f883e', NULL, 'Nguyễn Thanh Tuyền', 2, '2036-03-06', 'Đông anh- Hà Nội', '', 1, NULL, '2017-01-04 08:10:22', '2017-01-04 07:35:49', NULL, NULL, NULL, NULL, 2, 'CĐ8A12', '0043'),
(105, 4, 'ndvuong', 'e10adc3949ba59abbe56e057f20f883e', NULL, 'Nguyễn Đăng Vương', 1, '1998-02-04', 'Vĩnh Tường - Vĩnh Phúc', '', 1, NULL, '2017-01-04 08:29:31', '2017-01-04 07:35:49', NULL, NULL, NULL, NULL, 2, 'CĐ8A12', '0044'),
(106, 4, 'pqtuan', 'e10adc3949ba59abbe56e057f20f883e', '', 'Phạm Quốc Tuấn', 1, '0000-00-00', '', '', 1, NULL, '2017-01-04 08:12:05', '2017-01-04 08:10:17', '2017-01-04 08:11:35', NULL, NULL, NULL, 1, '', ''),
(107, 4, 'ttvanh', 'e10adc3949ba59abbe56e057f20f883e', '', 'Trần Thị Vân Anh', 2, '0000-00-00', '', '', 1, NULL, '2017-01-04 08:37:45', '2017-01-04 08:11:24', NULL, NULL, NULL, NULL, 1, '', ''),
(108, 4, 'hhlan', 'e10adc3949ba59abbe56e057f20f883e', '', 'Hà Hương Lan', 2, '0000-00-00', '', '', 1, NULL, '2017-01-04 08:31:28', '2017-01-04 08:12:06', NULL, NULL, NULL, NULL, 2, '', ''),
(109, 4, 'dvttung', 'e10adc3949ba59abbe56e057f20f883e', '', 'Đặng Vũ Thanh Tùng', 1, '0000-00-00', '', '', 1, NULL, '2017-01-04 08:51:35', '2017-01-04 08:12:34', NULL, NULL, NULL, NULL, 1, '', ''),
(110, 4, 'pdtrien', 'e10adc3949ba59abbe56e057f20f883e', '', 'phạm đức triển', 1, '0000-00-00', '', '', 1, NULL, '2017-05-08 22:27:17', '2017-01-04 08:18:56', NULL, NULL, NULL, NULL, 2, '', '');

-- --------------------------------------------------------

--
-- Structure de la table `tbtaikhoankiemtra`
--

CREATE TABLE `tbtaikhoankiemtra` (
  `taikhoan_id` int(11) UNSIGNED NOT NULL,
  `kiemtra_id` int(11) UNSIGNED NOT NULL
) ENGINE=InnoDB DEFAULT CHARSET=utf8 COLLATE=utf8_unicode_ci;

--
-- Contenu de la table `tbtaikhoankiemtra`
--

INSERT INTO `tbtaikhoankiemtra` (`taikhoan_id`, `kiemtra_id`) VALUES
(0, 0),
(0, 26);

-- --------------------------------------------------------

--
-- Structure de la table `tbthangdiem`
--

CREATE TABLE `tbthangdiem` (
  `thangdiem_id` int(10) UNSIGNED NOT NULL,
  `thangdiem_tieude` varchar(200) COLLATE utf8_unicode_ci DEFAULT NULL,
  `thangdiem_soluong` tinyint(1) DEFAULT NULL,
  `thangdiem_trangthai` tinyint(1) DEFAULT NULL
) ENGINE=InnoDB DEFAULT CHARSET=utf8 COLLATE=utf8_unicode_ci;

--
-- Contenu de la table `tbthangdiem`
--

INSERT INTO `tbthangdiem` (`thangdiem_id`, `thangdiem_tieude`, `thangdiem_soluong`, `thangdiem_trangthai`) VALUES
(8, 'Thang điểm 10', 6, 1);

-- --------------------------------------------------------

--
-- Structure de la table `tbtohop`
--

CREATE TABLE `tbtohop` (
  `tohop_id` int(10) UNSIGNED NOT NULL,
  `tohop_tieude` varchar(200) COLLATE utf8_unicode_ci DEFAULT NULL,
  `tohop_mota` text COLLATE utf8_unicode_ci,
  `tohop_trangthai` tinyint(1) DEFAULT NULL
) ENGINE=InnoDB DEFAULT CHARSET=utf8 COLLATE=utf8_unicode_ci;

--
-- Contenu de la table `tbtohop`
--

INSERT INTO `tbtohop` (`tohop_id`, `tohop_tieude`, `tohop_mota`, `tohop_trangthai`) VALUES
(1, 'Toán học', '', 1),
(2, 'Tiếng Anh', '', 1),
(3, 'Tổ hợp Khoa học tự nhiên', '', 1),
(4, 'Tổ hợp Khoa học xã hội', '', 1);

-- --------------------------------------------------------

--
-- Structure de la table `tbtruong`
--

CREATE TABLE `tbtruong` (
  `truong_id` int(10) UNSIGNED NOT NULL,
  `truong_tieude` varchar(200) COLLATE utf8_unicode_ci DEFAULT NULL,
  `truong_trangthai` tinyint(1) DEFAULT NULL
) ENGINE=InnoDB DEFAULT CHARSET=utf8 COLLATE=utf8_unicode_ci;

--
-- Contenu de la table `tbtruong`
--

INSERT INTO `tbtruong` (`truong_id`, `truong_tieude`, `truong_trangthai`) VALUES
(1, 'Trường THPT Long Châu Sa', 1);

-- --------------------------------------------------------

--
-- Structure de la table `tbvitri`
--

CREATE TABLE `tbvitri` (
  `vitri_id` int(10) UNSIGNED NOT NULL,
  `vitri_ma` varchar(50) COLLATE utf8_unicode_ci DEFAULT NULL,
  `vitri_tieude` varchar(200) COLLATE utf8_unicode_ci DEFAULT NULL,
  `vitri_trangthai` tinyint(1) DEFAULT NULL
) ENGINE=InnoDB DEFAULT CHARSET=utf8 COLLATE=utf8_unicode_ci;

--
-- Contenu de la table `tbvitri`
--

INSERT INTO `tbvitri` (`vitri_id`, `vitri_ma`, `vitri_tieude`, `vitri_trangthai`) VALUES
(1, 'quantri', 'Trong trang quản trị', 1),
(2, 'nguoidung_topmenu', 'Menu trang đầu trang (người dùng)', 1);

-- --------------------------------------------------------

--
-- Structure de la table `tbxeploai`
--

CREATE TABLE `tbxeploai` (
  `xeploai_id` int(10) UNSIGNED NOT NULL,
  `thangdiem_id` int(11) UNSIGNED DEFAULT NULL,
  `xeploai_tieude` varchar(200) COLLATE utf8_unicode_ci DEFAULT NULL,
  `xeploai_thapnhat` float DEFAULT NULL,
  `xeploai_caonhat` float DEFAULT NULL,
  `xeploai_dat` tinyint(1) DEFAULT '0',
  `xeploai_trangthai` tinyint(1) DEFAULT NULL
) ENGINE=InnoDB DEFAULT CHARSET=utf8 COLLATE=utf8_unicode_ci;

--
-- Contenu de la table `tbxeploai`
--

INSERT INTO `tbxeploai` (`xeploai_id`, `thangdiem_id`, `xeploai_tieude`, `xeploai_thapnhat`, `xeploai_caonhat`, `xeploai_dat`, `xeploai_trangthai`) VALUES
(71, 8, 'A (Xuất sắc)', 90, 100, 1, NULL),
(72, 8, 'B (Giỏi)', 80, 89.99, 1, NULL),
(73, 8, 'C (Khá)', 65, 79.99, 1, NULL),
(74, 8, 'D (Trung bình)', 50, 64.99, 0, NULL),
(75, 8, 'E (Yếu)', 35, 49.99, 0, NULL),
(76, 8, 'F (Kém)', 0, 34.99, 0, NULL);

--
-- Index pour les tables exportées
--

--
-- Index pour la table `tbcaidat`
--
ALTER TABLE `tbcaidat`
  ADD PRIMARY KEY (`caidat_id`),
  ADD KEY `icaidat_ma` (`caidat_ma`);

--
-- Index pour la table `tbcauhoi`
--
ALTER TABLE `tbcauhoi`
  ADD PRIMARY KEY (`cauhoi_id`),
  ADD KEY `chude_id` (`chude_id`),
  ADD KEY `fkcauhoi_mucdo` (`mucdo_id`),
  ADD KEY `fktaikhoan_id` (`taikhoan_id`) USING BTREE,
  ADD KEY `fkcauhoi_loaicauhoi` (`loaicauhoi_id`),
  ADD KEY `fkcauhoi_khoi` (`khoi_id`),
  ADD KEY `fkcauhoi_monhoc` (`monhoc_id`);

--
-- Index pour la table `tbcauhoitudong`
--
ALTER TABLE `tbcauhoitudong`
  ADD KEY `fkcauhoitudong_mucdo_id` (`mucdo_id`),
  ADD KEY `fkcauhoitudong_chude` (`chude_id`),
  ADD KEY `fkcauhoitudong_kiemtra` (`kiemtra_id`),
  ADD KEY `fkcauhoitudong_loaicauhoi` (`loaicauhoi_id`),
  ADD KEY `fkcauhoitudong_khoi` (`khoi_id`),
  ADD KEY `fkcauhoitudong_monhoc` (`monhoc_id`);

--
-- Index pour la table `tbchude`
--
ALTER TABLE `tbchude`
  ADD PRIMARY KEY (`chude_id`),
  ADD KEY `fkchude_monhoc` (`monhoc_id`);

--
-- Index pour la table `tbcounter`
--
ALTER TABLE `tbcounter`
  ADD PRIMARY KEY (`counter_id`);

--
-- Index pour la table `tbdanhmuc`
--
ALTER TABLE `tbdanhmuc`
  ADD PRIMARY KEY (`danhmuc_id`),
  ADD KEY `fkdanhmuc_nhomdanhmuc` (`nhomdanhmuc_id`);

--
-- Index pour la table `tbdanhmuc_vitri`
--
ALTER TABLE `tbdanhmuc_vitri`
  ADD PRIMARY KEY (`danhmuc_id`,`vitri_id`),
  ADD KEY `tbdanhmucvitri_vitri` (`vitri_id`);

--
-- Index pour la table `tbdapan`
--
ALTER TABLE `tbdapan`
  ADD PRIMARY KEY (`dapan_id`),
  ADD KEY `fkdapan_cauhoi` (`cauhoi_id`);

--
-- Index pour la table `tbketquakiemtra`
--
ALTER TABLE `tbketquakiemtra`
  ADD PRIMARY KEY (`ketquakiemtra_id`),
  ADD KEY `fkketquakiemtra_kiemtra` (`kiemtra_id`),
  ADD KEY `fkketquakiemtra_taikhoan` (`taikhoan_id`),
  ADD KEY `fkketquakiemtra_xeploai` (`xeploai_id`);

--
-- Index pour la table `tbketquakiemtra_cauhoi`
--
ALTER TABLE `tbketquakiemtra_cauhoi`
  ADD PRIMARY KEY (`ketquakiemtra_id`,`cauhoi_id`),
  ADD KEY `fkketquakiemtracauhoi_cauhoi` (`cauhoi_id`),
  ADD KEY `fkketquakiemtracauhoi_dapan` (`dapan_id`);

--
-- Index pour la table `tbkhoi`
--
ALTER TABLE `tbkhoi`
  ADD PRIMARY KEY (`khoi_id`);

--
-- Index pour la table `tbkhoi_monhoc`
--
ALTER TABLE `tbkhoi_monhoc`
  ADD PRIMARY KEY (`khoi_id`,`monhoc_id`),
  ADD KEY `monhoc_id` (`monhoc_id`);

--
-- Index pour la table `tbkiemtra`
--
ALTER TABLE `tbkiemtra`
  ADD PRIMARY KEY (`kiemtra_id`),
  ADD KEY `fkkiemtra_taikhoan` (`taikhoan_id`),
  ADD KEY `fkkiemtra_thangdiem` (`thangdiem_id`),
  ADD KEY `fkkiemtra_chude` (`chude_id`),
  ADD KEY `fkkiemtra_monhoc` (`monhoc_id`),
  ADD KEY `fkkiemtra_khoi` (`khoi_id`);

--
-- Index pour la table `tbkiemtra_cauhoi`
--
ALTER TABLE `tbkiemtra_cauhoi`
  ADD PRIMARY KEY (`kiemtra_id`,`cauhoi_id`),
  ADD KEY `fkkiemtracauhoi_cauhoi` (`cauhoi_id`);

--
-- Index pour la table `tbloaicauhoi`
--
ALTER TABLE `tbloaicauhoi`
  ADD PRIMARY KEY (`loaicauhoi_id`),
  ADD KEY `iloaicauhoi_ma` (`loaicauhoi_ma`);

--
-- Index pour la table `tblop`
--
ALTER TABLE `tblop`
  ADD PRIMARY KEY (`lop_id`),
  ADD KEY `fklop_khoi` (`khoi_id`),
  ADD KEY `fklop_truong` (`truong_id`);

--
-- Index pour la table `tbmonhoc`
--
ALTER TABLE `tbmonhoc`
  ADD PRIMARY KEY (`monhoc_id`);

--
-- Index pour la table `tbmucdo`
--
ALTER TABLE `tbmucdo`
  ADD PRIMARY KEY (`mucdo_id`);

--
-- Index pour la table `tbnhomdanhmuc`
--
ALTER TABLE `tbnhomdanhmuc`
  ADD PRIMARY KEY (`nhomdanhmuc_id`),
  ADD KEY `inhomdanhmuc_ma` (`nhomdanhmuc_ma`);

--
-- Index pour la table `tbnhomtaikhoan`
--
ALTER TABLE `tbnhomtaikhoan`
  ADD PRIMARY KEY (`nhomtaikhoan_id`);

--
-- Index pour la table `tbnhomtaikhoankiemtra`
--
ALTER TABLE `tbnhomtaikhoankiemtra`
  ADD PRIMARY KEY (`nhomtaikhoan_id`,`kiemtra_id`,`truong_id`,`lop_id`,`khoi_id`),
  ADD KEY `fknhomtaikhoankiemtra_kiemtra` (`kiemtra_id`),
  ADD KEY `fknhomtaikhoankiemtra_truong` (`truong_id`),
  ADD KEY `fknhomtaikhoankiemtra_khoi` (`khoi_id`),
  ADD KEY `fknhomtaikhoankiemtra_lop` (`lop_id`);

--
-- Index pour la table `tbnhomtaikhoan_quyen`
--
ALTER TABLE `tbnhomtaikhoan_quyen`
  ADD PRIMARY KEY (`nhomtaikhoan_id`,`quyen_id`),
  ADD KEY `fknhomtaikhoanquyen_quyen` (`quyen_id`);

--
-- Index pour la table `tbphongthi`
--
ALTER TABLE `tbphongthi`
  ADD PRIMARY KEY (`phongthi_id`);

--
-- Index pour la table `tbquyen`
--
ALTER TABLE `tbquyen`
  ADD PRIMARY KEY (`quyen_id`),
  ADD KEY `iquyen_ma` (`quyen_ma`),
  ADD KEY `iquyen_parent` (`quyen_parent`);

--
-- Index pour la table `tbtaikhoan`
--
ALTER TABLE `tbtaikhoan`
  ADD PRIMARY KEY (`taikhoan_id`),
  ADD KEY `itaikhoan_user` (`taikhoan_user`),
  ADD KEY `fktaikhoan_nhomtaikhoan` (`nhomtaikhoan_id`);

--
-- Index pour la table `tbtaikhoankiemtra`
--
ALTER TABLE `tbtaikhoankiemtra`
  ADD PRIMARY KEY (`taikhoan_id`,`kiemtra_id`),
  ADD KEY `fktaikhoankiemtra_kiemtra` (`kiemtra_id`);

--
-- Index pour la table `tbthangdiem`
--
ALTER TABLE `tbthangdiem`
  ADD PRIMARY KEY (`thangdiem_id`);

--
-- Index pour la table `tbtohop`
--
ALTER TABLE `tbtohop`
  ADD PRIMARY KEY (`tohop_id`);

--
-- Index pour la table `tbtruong`
--
ALTER TABLE `tbtruong`
  ADD PRIMARY KEY (`truong_id`);

--
-- Index pour la table `tbvitri`
--
ALTER TABLE `tbvitri`
  ADD PRIMARY KEY (`vitri_id`),
  ADD KEY `ivitri_ma` (`vitri_ma`);

--
-- Index pour la table `tbxeploai`
--
ALTER TABLE `tbxeploai`
  ADD PRIMARY KEY (`xeploai_id`),
  ADD KEY `fkxeploai_thangdiem` (`thangdiem_id`);

--
-- AUTO_INCREMENT pour les tables exportées
--

--
-- AUTO_INCREMENT pour la table `tbcaidat`
--
ALTER TABLE `tbcaidat`
  MODIFY `caidat_id` int(10) UNSIGNED NOT NULL AUTO_INCREMENT, AUTO_INCREMENT=4;
--
-- AUTO_INCREMENT pour la table `tbcauhoi`
--
ALTER TABLE `tbcauhoi`
  MODIFY `cauhoi_id` int(10) UNSIGNED NOT NULL AUTO_INCREMENT, AUTO_INCREMENT=677;
--
-- AUTO_INCREMENT pour la table `tbchude`
--
ALTER TABLE `tbchude`
  MODIFY `chude_id` int(10) UNSIGNED NOT NULL AUTO_INCREMENT, AUTO_INCREMENT=42;
--
-- AUTO_INCREMENT pour la table `tbcounter`
--
ALTER TABLE `tbcounter`
  MODIFY `counter_id` int(11) NOT NULL AUTO_INCREMENT, AUTO_INCREMENT=224;
--
-- AUTO_INCREMENT pour la table `tbdanhmuc`
--
ALTER TABLE `tbdanhmuc`
  MODIFY `danhmuc_id` int(11) UNSIGNED NOT NULL AUTO_INCREMENT, AUTO_INCREMENT=47;
--
-- AUTO_INCREMENT pour la table `tbdapan`
--
ALTER TABLE `tbdapan`
  MODIFY `dapan_id` int(10) UNSIGNED NOT NULL AUTO_INCREMENT, AUTO_INCREMENT=2697;
--
-- AUTO_INCREMENT pour la table `tbketquakiemtra`
--
ALTER TABLE `tbketquakiemtra`
  MODIFY `ketquakiemtra_id` int(10) UNSIGNED NOT NULL AUTO_INCREMENT, AUTO_INCREMENT=71;
--
-- AUTO_INCREMENT pour la table `tbkhoi`
--
ALTER TABLE `tbkhoi`
  MODIFY `khoi_id` int(10) UNSIGNED NOT NULL AUTO_INCREMENT, AUTO_INCREMENT=4;
--
-- AUTO_INCREMENT pour la table `tbkiemtra`
--
ALTER TABLE `tbkiemtra`
  MODIFY `kiemtra_id` int(10) UNSIGNED NOT NULL AUTO_INCREMENT, AUTO_INCREMENT=27;
--
-- AUTO_INCREMENT pour la table `tbloaicauhoi`
--
ALTER TABLE `tbloaicauhoi`
  MODIFY `loaicauhoi_id` int(11) UNSIGNED NOT NULL AUTO_INCREMENT, AUTO_INCREMENT=3;
--
-- AUTO_INCREMENT pour la table `tblop`
--
ALTER TABLE `tblop`
  MODIFY `lop_id` int(10) UNSIGNED NOT NULL AUTO_INCREMENT, AUTO_INCREMENT=9;
--
-- AUTO_INCREMENT pour la table `tbmonhoc`
--
ALTER TABLE `tbmonhoc`
  MODIFY `monhoc_id` int(10) UNSIGNED NOT NULL AUTO_INCREMENT, AUTO_INCREMENT=10;
--
-- AUTO_INCREMENT pour la table `tbmucdo`
--
ALTER TABLE `tbmucdo`
  MODIFY `mucdo_id` int(11) UNSIGNED NOT NULL AUTO_INCREMENT, AUTO_INCREMENT=19;
--
-- AUTO_INCREMENT pour la table `tbnhomdanhmuc`
--
ALTER TABLE `tbnhomdanhmuc`
  MODIFY `nhomdanhmuc_id` int(11) UNSIGNED NOT NULL AUTO_INCREMENT, AUTO_INCREMENT=110;
--
-- AUTO_INCREMENT pour la table `tbnhomtaikhoan`
--
ALTER TABLE `tbnhomtaikhoan`
  MODIFY `nhomtaikhoan_id` int(10) UNSIGNED NOT NULL AUTO_INCREMENT, AUTO_INCREMENT=5;
--
-- AUTO_INCREMENT pour la table `tbphongthi`
--
ALTER TABLE `tbphongthi`
  MODIFY `phongthi_id` int(10) UNSIGNED NOT NULL AUTO_INCREMENT, AUTO_INCREMENT=5;
--
-- AUTO_INCREMENT pour la table `tbquyen`
--
ALTER TABLE `tbquyen`
  MODIFY `quyen_id` int(11) UNSIGNED NOT NULL AUTO_INCREMENT, AUTO_INCREMENT=97;
--
-- AUTO_INCREMENT pour la table `tbtaikhoan`
--
ALTER TABLE `tbtaikhoan`
  MODIFY `taikhoan_id` int(11) UNSIGNED NOT NULL AUTO_INCREMENT, AUTO_INCREMENT=111;
--
-- AUTO_INCREMENT pour la table `tbthangdiem`
--
ALTER TABLE `tbthangdiem`
  MODIFY `thangdiem_id` int(10) UNSIGNED NOT NULL AUTO_INCREMENT, AUTO_INCREMENT=9;
--
-- AUTO_INCREMENT pour la table `tbtohop`
--
ALTER TABLE `tbtohop`
  MODIFY `tohop_id` int(10) UNSIGNED NOT NULL AUTO_INCREMENT, AUTO_INCREMENT=5;
--
-- AUTO_INCREMENT pour la table `tbtruong`
--
ALTER TABLE `tbtruong`
  MODIFY `truong_id` int(10) UNSIGNED NOT NULL AUTO_INCREMENT, AUTO_INCREMENT=2;
--
-- AUTO_INCREMENT pour la table `tbvitri`
--
ALTER TABLE `tbvitri`
  MODIFY `vitri_id` int(10) UNSIGNED NOT NULL AUTO_INCREMENT, AUTO_INCREMENT=3;
--
-- AUTO_INCREMENT pour la table `tbxeploai`
--
ALTER TABLE `tbxeploai`
  MODIFY `xeploai_id` int(10) UNSIGNED NOT NULL AUTO_INCREMENT, AUTO_INCREMENT=77;
--
-- Contraintes pour les tables exportées
--

--
-- Contraintes pour la table `tbcauhoi`
--
ALTER TABLE `tbcauhoi`
  ADD CONSTRAINT `fkcauhoi_chude` FOREIGN KEY (`chude_id`) REFERENCES `tbchude` (`chude_id`),
  ADD CONSTRAINT `fkcauhoi_khoi` FOREIGN KEY (`khoi_id`) REFERENCES `tbkhoi` (`khoi_id`),
  ADD CONSTRAINT `fkcauhoi_loaicauhoi` FOREIGN KEY (`loaicauhoi_id`) REFERENCES `tbloaicauhoi` (`loaicauhoi_id`),
  ADD CONSTRAINT `fkcauhoi_monhoc` FOREIGN KEY (`monhoc_id`) REFERENCES `tbmonhoc` (`monhoc_id`),
  ADD CONSTRAINT `fkcauhoi_mucdo` FOREIGN KEY (`mucdo_id`) REFERENCES `tbmucdo` (`mucdo_id`),
  ADD CONSTRAINT `fkcauhoi_taikhoan` FOREIGN KEY (`taikhoan_id`) REFERENCES `tbtaikhoan` (`taikhoan_id`);

--
-- Contraintes pour la table `tbcauhoitudong`
--
ALTER TABLE `tbcauhoitudong`
  ADD CONSTRAINT `fkcauhoitudong_chude` FOREIGN KEY (`chude_id`) REFERENCES `tbchude` (`chude_id`),
  ADD CONSTRAINT `fkcauhoitudong_khoi` FOREIGN KEY (`khoi_id`) REFERENCES `tbkhoi` (`khoi_id`),
  ADD CONSTRAINT `fkcauhoitudong_kiemtra` FOREIGN KEY (`kiemtra_id`) REFERENCES `tbkiemtra` (`kiemtra_id`),
  ADD CONSTRAINT `fkcauhoitudong_loaicauhoi` FOREIGN KEY (`loaicauhoi_id`) REFERENCES `tbloaicauhoi` (`loaicauhoi_id`),
  ADD CONSTRAINT `fkcauhoitudong_monhoc` FOREIGN KEY (`monhoc_id`) REFERENCES `tbmonhoc` (`monhoc_id`),
  ADD CONSTRAINT `fkcauhoitudong_mucdo` FOREIGN KEY (`mucdo_id`) REFERENCES `tbmucdo` (`mucdo_id`);

--
-- Contraintes pour la table `tbchude`
--
ALTER TABLE `tbchude`
  ADD CONSTRAINT `fkchude_monhoc` FOREIGN KEY (`monhoc_id`) REFERENCES `tbmonhoc` (`monhoc_id`);

--
-- Contraintes pour la table `tbdanhmuc`
--
ALTER TABLE `tbdanhmuc`
  ADD CONSTRAINT `fkdanhmuc_nhomdanhmuc` FOREIGN KEY (`nhomdanhmuc_id`) REFERENCES `tbnhomdanhmuc` (`nhomdanhmuc_id`);

--
-- Contraintes pour la table `tbdanhmuc_vitri`
--
ALTER TABLE `tbdanhmuc_vitri`
  ADD CONSTRAINT `tbdanhmucvitri_danhmuc` FOREIGN KEY (`danhmuc_id`) REFERENCES `tbdanhmuc` (`danhmuc_id`),
  ADD CONSTRAINT `tbdanhmucvitri_vitri` FOREIGN KEY (`vitri_id`) REFERENCES `tbvitri` (`vitri_id`);

--
-- Contraintes pour la table `tbdapan`
--
ALTER TABLE `tbdapan`
  ADD CONSTRAINT `fkdapan_cauhoi` FOREIGN KEY (`cauhoi_id`) REFERENCES `tbcauhoi` (`cauhoi_id`);

--
-- Contraintes pour la table `tbketquakiemtra`
--
ALTER TABLE `tbketquakiemtra`
  ADD CONSTRAINT `fkketquakiemtra_kiemtra` FOREIGN KEY (`kiemtra_id`) REFERENCES `tbkiemtra` (`kiemtra_id`),
  ADD CONSTRAINT `fkketquakiemtra_taikhoan` FOREIGN KEY (`taikhoan_id`) REFERENCES `tbtaikhoan` (`taikhoan_id`);

--
-- Contraintes pour la table `tbketquakiemtra_cauhoi`
--
ALTER TABLE `tbketquakiemtra_cauhoi`
  ADD CONSTRAINT `fkketquakiemtracauhoi_cauhoi` FOREIGN KEY (`cauhoi_id`) REFERENCES `tbcauhoi` (`cauhoi_id`),
  ADD CONSTRAINT `fkketquakiemtracauhoi_dapan` FOREIGN KEY (`dapan_id`) REFERENCES `tbdapan` (`dapan_id`),
  ADD CONSTRAINT `fkketquakiemtracauhoi_ketquakiemtra` FOREIGN KEY (`ketquakiemtra_id`) REFERENCES `tbketquakiemtra` (`ketquakiemtra_id`);

--
-- Contraintes pour la table `tbkhoi_monhoc`
--
ALTER TABLE `tbkhoi_monhoc`
  ADD CONSTRAINT `fkkhoimonhoc_khoi` FOREIGN KEY (`khoi_id`) REFERENCES `tbkhoi` (`khoi_id`),
  ADD CONSTRAINT `tbkhoi_monhoc_ibfk_1` FOREIGN KEY (`monhoc_id`) REFERENCES `tbmonhoc` (`monhoc_id`);

--
-- Contraintes pour la table `tbkiemtra`
--
ALTER TABLE `tbkiemtra`
  ADD CONSTRAINT `fkkiemtra_chude` FOREIGN KEY (`chude_id`) REFERENCES `tbchude` (`chude_id`),
  ADD CONSTRAINT `fkkiemtra_khoi` FOREIGN KEY (`khoi_id`) REFERENCES `tbkhoi` (`khoi_id`),
  ADD CONSTRAINT `fkkiemtra_monhoc` FOREIGN KEY (`monhoc_id`) REFERENCES `tbmonhoc` (`monhoc_id`),
  ADD CONSTRAINT `fkkiemtra_taikhoan` FOREIGN KEY (`taikhoan_id`) REFERENCES `tbtaikhoan` (`taikhoan_id`),
  ADD CONSTRAINT `fkkiemtra_thangdiem` FOREIGN KEY (`thangdiem_id`) REFERENCES `tbthangdiem` (`thangdiem_id`);

--
-- Contraintes pour la table `tbkiemtra_cauhoi`
--
ALTER TABLE `tbkiemtra_cauhoi`
  ADD CONSTRAINT `fkkiemtracauhoi_cauhoi` FOREIGN KEY (`cauhoi_id`) REFERENCES `tbcauhoi` (`cauhoi_id`),
  ADD CONSTRAINT `tbkiemtracauhoi_kiemtra` FOREIGN KEY (`kiemtra_id`) REFERENCES `tbkiemtra` (`kiemtra_id`);

--
-- Contraintes pour la table `tblop`
--
ALTER TABLE `tblop`
  ADD CONSTRAINT `fklop_khoi` FOREIGN KEY (`khoi_id`) REFERENCES `tbkhoi` (`khoi_id`),
  ADD CONSTRAINT `fklop_truong` FOREIGN KEY (`truong_id`) REFERENCES `tbtruong` (`truong_id`);

/*!40101 SET CHARACTER_SET_CLIENT=@OLD_CHARACTER_SET_CLIENT */;
/*!40101 SET CHARACTER_SET_RESULTS=@OLD_CHARACTER_SET_RESULTS */;
/*!40101 SET COLLATION_CONNECTION=@OLD_COLLATION_CONNECTION */;
